card_id	reviews	notes_id	character
1566139448484	63	1566139428993	掌
1572468737710	59	1572468717155	谦
1565813705401	56	1565813675813	屋
1569527121850	55	1569527099842	际
1554630519396	54	1554630392587	着
1576696106086	54	1576696097161	惯
1569027960701	53	1569027956387	乎
1572468392725	53	1572468380430	洋
1566138759675	52	1566138730013	级
1570103317938	52	1570103315512	锁
1572468463509	52	1572468451065	牌
1572469014422	52	1572469009959	酱
1552939891397	51	1552939691683	念
1570191747269	51	1570191744121	演
1566138079896	50	1566138063678	绩
1569027789148	49	1569027785289	检
1558986107530	48	1558986021869	旨
1579367620861	47	1579367276609	资
1562816957976	46	1562816525800	序
1563697374984	46	1563697345541	确
1554628510372	44	1554628225147	棵
1562746322202	44	1562745384577	戚
1563696394850	44	1563696362929	使
1566139767497	44	1566139750064	喊
1568439281908	44	1568439279233	软
1572468527821	44	1572468519408	概
1566138135444	43	1566138114371	团
1572468680147	43	1572468668064	悄
1572980603030	43	1572980597119	墙
1566139553453	42	1566139535446	复
1569046162437	42	1569046110871	印
1571068959383	42	1571068949210	款
1572413701547	42	1572412962626	趟
1578152350218	42	1578152273586	NA
1550920173196	41	1550920167254	地
1562656774934	41	1562656406156	收
1563698726139	41	1563698685178	毛
1571634716512	41	1571634704379	冈 (NP)
1576425112253	41	1576425108461	摔
1563697475111	40	1563697444867	炎
1566137497514	40	1566137481760	嗽
1568945532922	40	1568945529342	专
1569028022640	40	1569028018786	绍
1572767696567	40	1572767692138	既
1552938772813	39	1552938674976	理
1561371285292	39	1561371252754	访
1563696496736	39	1563696477509	央
1563698555613	39	1563698534713	祖
1566139143888	39	1566139122331	结
1566140527187	39	1566140514564	继
1567926032181	39	1567926029815	窗
1574624804734	39	1574624789708	瞎
1577021567157	39	1577021405223	申
1556369554356	38	1556369465063	俩
1558986451881	38	1558986403454	论
1563698345914	38	1563698322534	初
1566137754197	38	1566137736974	处
1568954736994	38	1568954734133	秒
1569165054336	38	1569165045466	失
1569527349519	38	1569527317374	拳
1572468434509	38	1572468420102	炊
1578152017194	38	1578151945296	NA
1579362404400	38	1579362057287	销
1550920161146	37	1550920147983	友
1561372913739	37	1561372893675	排
1565813726942	37	1565813705416	握
1566140151055	37	1566140130267	厄 (inner part, no story)
1568136225786	37	1568136207030	拐
1572468495467	37	1572468488230	授
1576939960487	37	1576939560477	续
1578251230949	37	1578251066800	卧
1580590082309	37	1580590047884	偶
1556370110829	36	1556370016003	切
1558986676694	36	1558986601783	识
1566140611522	36	1566140595165	亦 (no pronounce)
1567926091369	36	1567926088911	吵
1568021055530	36	1568021053030	紧
1568021282250	36	1568021280146	充
1572468420073	36	1572468403599	傅
1574947732500	36	1574947728391	歉
1576948096972	36	1576948011792	训
1577304603687	36	1577304111039	圈
1579084395023	36	1579084392319	乖
1552220837950	35	1552220789115	利
1554629863551	35	1554629700736	还
1556368884304	35	1556368857445	入
1565813600509	35	1565813574295	数
1566138010184	35	1566137995090	庄 (NP)
1570044701185	35	1570044689678	健
1574919265117	35	1574919262063	巩
1552215310430	34	1552214805326	得
1563697658079	34	1563697639043	态
1565813929144	34	1565813910079	搞
1567925976919	34	1567925974569	馅
1569022498409	34	1569022495853	引
1569027591678	34	1569027588682	址
1570177194081	34	1570177190702	功
1572008597330	34	1572008594308	甫 (NP)
1577301166870	34	1577301159060	甚
1578325838977	34	1578325673904	漠
1582831288477	34	1582831273761	深
1558987574999	33	1558987433031	然
1561372423638	33	1561372381761	将
1561373741531	33	1561373700296	拾
1562665027668	33	1562664982055	巴
1563698616469	33	1563698594995	谊
1566137570420	33	1566137551326	咳
1567422834515	33	1567422820242	铅
1571309034038	33	1571309026312	息
1571334308748	33	1571334296431	倾
1574690651336	33	1574690644884	招
1577001879212	33	1577001876026	川
1577091394697	33	1577091388135	据
1577909392809	33	1577909387214	咬
1580246155229	33	1580246086213	统
1550920265268	32	1550920261859	了
1552215645049	32	1552215546167	为
1557313273472	32	1557313143947	窄
1560110613630	32	1560110580973	娘
1560110633691	32	1560110613639	食
1561371509857	32	1561371484078	注
1562658522651	32	1562658317049	况
1562658702222	32	1562658522673	欠
1563079875854	32	1563079759755	莫
1563696117045	32	1563696089510	历
1566138211512	32	1566138189741	困
1566138876626	32	1566138821883	愿
1566139706186	32	1566139678823	或
1569027417984	32	1569027415081	舒
1569527317323	32	1569527305524	厦
1570288637828	32	1570288628889	虎
1570891287985	32	1570891275824	跳
1572158621879	32	1572158618609	NA
1572468818220	32	1572468806085	呼
1573752284934	32	1573752275444	录
1576737649736	32	1576737227754	贴
1576945712075	32	1576945662048	技
1578343159326	32	1578343085503	碎
1579436867938	32	1579436725517	冤
1580158535713	32	1580158532734	剩
1580635959642	32	1580635909668	增
1585389036748	32	1585389016428	逭
1552222210271	31	1552222157399	江
1563698369487	31	1563698345921	皮
1565811367009	31	1565811296478	舌
1565813462967	31	1565813436331	持
1566137254451	31	1566137232245	壮
1570173682816	31	1570173679943	趣
1577305850673	31	1577304618279	NA
1578152151184	31	1578152017258	险
1579365771410	31	1579365484988	耐
1579433027649	31	1579432867154	陪
1580640448678	31	1580640389858	宋
1550920320326	30	1550920314025	夕
1551543980547	30	1551543874553	取
1552939558695	30	1552939476624	思
1558986601776	30	1558986562737	织
1563240437765	30	1563240294821	采
1563696001187	30	1563695979323	响
1566138252065	30	1566138229936	求
1566139604561	30	1566139589363	计
1568945584724	30	1568945572932	压
1569610766021	30	1569610763054	净
1570283489779	30	1570283483586	需
1571334363019	30	1571334350591	货
1572468831967	30	1572468818250	低
1576420856521	30	1576420841373	啥
1577799410200	30	1577799372652	器
1577906775645	30	1577906676149	围
1578592587065	30	1578592372765	肯
1550920251603	29	1550920244392	未 (no story)
1554629638210	29	1554629516990	产
1562656147981	29	1562655971987	片
1563698103236	29	1563698076057	祝
1566140205225	29	1566140186807	顾
1568021142072	29	1568021137855	托
1568021242246	29	1568021239404	剪
1569027469439	29	1569027464926	料
1569396142941	29	1569396134464	泳
1570436876955	29	1570436873187	余
1570682775670	29	1570682772456	昏 (NP)
1571334337984	29	1571334329209	礼
1572169060529	29	1572168927563	NA
1572468746148	29	1572468737755	虚
1572468788476	29	1572468760472	由
1576735993661	29	1576735990310	赋
1577301121179	29	1577301032846	囚
1577906676130	29	1577906491590	桶
1578254952162	29	1578254588032	达
1578594668549	29	1578594169818	侧
1579363273717	29	1579362699110	杆
1554628829950	28	1554628787084	古
1558986205616	28	1558986107563	指
1560110049002	28	1560109982429	已
1561371550782	28	1561371509864	往
1561373249308	28	1561373222240	清
1562661226886	28	1562661060324	吹
1562928386164	28	1562928195566	镜
1563698281804	28	1563698251286	农
1566138681881	28	1566138660091	扬
1569046249249	28	1569046228660	堵
1569524664127	28	1569524574797	卬 (NP)
1569527132810	28	1569527121902	览
1570045289128	28	1570045278627	究
1570079626721	28	1570079620135	育
1573045476431	28	1573045353644	练 (RP, NS)
1575127177711	28	1575127165854	NA
1575267078960	28	1575267019625	付
1576945850131	28	1576945712108	虫
1578893590690	28	1578893358411	途
1579360431623	28	1579360232636	富
1579366237197	28	1579365974581	管
1579436212621	28	1579436032867	版
1580636464783	28	1580636435439	币
1580640268015	28	1580640239302	梁
1581362347916	28	1581362304523	抽
1581969770273	28	1581968800887	值
1552221433690	27	1552221328815	先
1554033208474	27	1554033129799	位
1557950754893	27	1557950520418	期
1558987023913	27	1558986992651	者
1560109876069	27	1560109788724	记
1561371922476	27	1561371811443	幸
1561372591791	27	1561372570674	第
1563696625289	27	1563696591008	决
1563697176699	27	1563697149355	亿
1565811391697	27	1565811367037	刮
1565813294535	27	1565811474019	活
1565813513998	27	1565813484938	义
1566138028666	27	1566138010191	脏
1566139570206	27	1566139553463	壬 (no pronounce)
1566139970618	27	1566139947681	却
1566140053779	27	1566140037199	报
1566140130260	27	1566140110332	痛
1569027725038	27	1569027719551	环
1569087254313	27	1569087246517	纸
1569527139822	27	1569527132847	展
1571077479732	27	1571077473761	穿
1571334277176	27	1571334260637	逛
1571334296383	27	1571334288693	婆
1572159848254	27	1572159730198	并
1572701273277	27	1572701270613	酪
1576947886194	27	1576947837695	升
1577090474884	27	1577090468295	NA
1577701583993	27	1577701581138	遇
1579361533729	27	1579361117869	勤
1579367781544	27	1579367643469	缺
1580465104493	27	1580464935259	状
1581595842129	27	1581595824981	傻
1584303452135	27	1584303400352	忍
1585389059859	27	1585389036784	质
1552214444114	26	1552214379038	石
1552216222419	26	1552216109507	和
1557952223743	26	1557952144584	轻
1558986513084	26	1558986451890	认
1563174338767	26	1563174204284	豆
1563697345533	26	1563697289063	角
1563698153536	26	1563698103243	视
1566137273655	26	1566137254463	装
1566137659295	26	1566137639255	推
1566137771075	26	1566137754210	各
1566138096175	26	1566138079907	负
1566138374732	26	1566138331315	忽
1566138800802	26	1566138759690	泉
1566140008496	26	1566139970626	脚
1568031809461	26	1568031807162	塑
1568945903645	26	1568945900342	类
1569592028572	26	1569592025433	底
1570044685936	26	1570044678972	邻
1570288617823	26	1570288614044	钢
1570509547528	26	1570509336456	建
1575315767862	26	1575315761991	举
1576617403992	26	1576617382608	敲
1577003379805	26	1577003339136	毋 (NS)
1577991913180	26	1577991790013	栏
1579433167798	26	1579433027689	局
1582474133019	26	1582474093493	枕
1551615206825	25	1551615144635	目
1551616677818	25	1551616618323	身
1554628634110	25	1554628510383	课
1556370015991	25	1556369940968	批
1557950856635	25	1557950754929	基
1562478564925	25	1562478307874	厨
1562758099701	25	1562757137065	墓
1563069725956	25	1563069637779	竟
1563698511426	25	1563698486170	助
1563698850857	25	1563698825550	弋 (no pronounce)
1566139589294	25	1566139570213	任
1566139642930	25	1566139604567	设
1566140071434	25	1566140053786	服
1566140632455	25	1566140611529	变
1569027443161	25	1569027440036	具
1569610707578	25	1569610698639	裤
1570044624579	25	1570044612391	换
1571334329176	25	1571334325583	守
1572468605543	25	1572468585952	针
1572468936647	25	1572468932667	矿
1573753487367	25	1573753478014	议
1576737678438	25	1576737649782	替
1576947837648	25	1576947705458	输
1577219657843	25	1577219654991	留
1578592833695	25	1578592587090	县
1579365087997	25	1579364592648	雄
1583353160091	25	1583353127110	探
1585389247941	25	1585389226934	职
1551543108453	24	1551542961155	行
1552215698373	24	1552215645080	办
1552221684802	24	1552221562631	可
1552937794568	24	1552937671546	厂
1558986562730	24	1558986513092	只
1560109788717	24	1560109738639	己
1560109982419	24	1560109876101	纪
1560110580964	24	1560110556490	良
1561371314556	24	1561371285299	房
1563696477500	24	1563696422905	便
1563697824194	24	1563697796867	带
1563698660330	24	1563698639946	直
1566140307591	24	1566140280663	望 (upper half, no pronounce)
1566140497822	24	1566140477726	渴
1566140579959	24	1566140565087	介
1569027873854	24	1569027858791	鸡
1569074873168	24	1569074867879	船
1569474299229	24	1569474294401	系
1569527366136	24	1569527359738	糕
1570177054785	24	1570177051605	锅
1570336125147	24	1570336122204	兵 (NP)
1570891539926	24	1570891537546	顿
1572468901065	24	1572468896093	黄
1573891136682	24	1573891131947	愉
1576871893919	24	1576871495347	撞
1576939560427	24	1576939552591	叉
1577991523079	24	1577991388370	惜
1578148702347	24	1578148427947	择
1578166475058	24	1578166348291	伤
1578550418731	24	1578550246046	捆
1580640389798	24	1580640268055	燕
1580642380070	24	1580642344761	旬
1580933947376	24	1580933931578	猴
1582477339846	24	1582477327805	薄
1585389117080	24	1585389085991	形
1552162371669	23	1552162267566	羊
1552938400626	23	1552938276077	对
1556367888159	23	1556367744969	做
1557950467073	23	1557950367176	细
1558986788849	23	1558986732456	意
1558987078229	23	1558987023921	都
1561373129649	23	1561373100184	板
1562657068209	23	1562657002408	井
1562657287025	23	1562657068252	讲
1563186742588	23	1563185791671	联
1563192920467	23	1563192711884	饺
1563698222127	23	1563698189061	表
1566137075628	23	1566137027257	容
1566137179340	23	1566137075647	士
1566137207430	23	1566137179350	志
1566137457375	23	1566137438152	整
1566138048484	23	1566138028672	总
1566138189730	23	1566138173989	嗯
1566139383388	23	1566139361660	尚 (no pronounce)
1566139678811	23	1566139642940	划
1566140362797	23	1566140346064	雪
1569770522614	23	1569770518830	叶
1570086405968	23	1570086317341	育 (top, NP)
1570177252475	23	1570177250257	瘦
1570644618097	23	1570644614700	肥
1571069236896	23	1571069234154	裳
1571940340308	23	1571940337295	NA
1572329213148	23	1572329206638	朵
1574708335649	23	1574708332945	NA
1576872938918	23	1576872757818	制
1577877510550	23	1577877507676	烟
1577904787720	23	1577904759860	畀 (NS)
1578146959545	23	1578146710029	姨
1578148929528	23	1578148925958	NA
1578167921479	23	1578166475100	背
1578605032543	23	1578604854382	廊
1578896011522	23	1578895966179	丢
1579846154764	23	1579846123334	享 (NP)
1580636435353	23	1580636416299	队
1582204481570	23	1582204471149	落
1551542961148	22	1551542891515	亍 (no pronounce)
1552215998710	22	1552215906503	干
1552221562624	22	1552221496719	洗
1552938491615	22	1552938400657	树
1556368689405	22	1556368593337	观
1556368995137	22	1556368884317	内
1557952346354	22	1557952263755	头
1558986403420	22	1558986205622	仑 (NP)
1558987382651	22	1558987321094	然 (only left part, no story)
1561371369754	22	1561371342642	旁
1561372196030	22	1561372165100	此
1561372684712	22	1561372661460	劳
1561373273195	22	1561373249341	晴
1563695849753	22	1563695810187	应 (inner part, no pronounce)
1563696746888	22	1563696710927	重
1563697517817	22	1563697494981	与 (no pronounce)
1563697674596	22	1563697658087	巾
1563697720983	22	1563697695617	帀 (no pronounce)
1563697753905	22	1563697720990	师
1565813382535	22	1565813356456	极
1566139361652	22	1566139339580	调
1566140280652	22	1566140266111	忘
1569027573918	22	1569027569645	争
1569027764132	22	1569027753505	椅
1569474232401	22	1569474225944	赛
1569610907089	22	1569610904303	轮
1570044721235	22	1570044715608	博
1570077161569	22	1570077020771	监 (NP)
1570107192064	22	1570107186259	腿
1570511132939	22	1570511109781	退
1571806605584	22	1571806590204	尃 (NP)
1573540655440	22	1573540577213	NA
1575008124926	22	1575008121808	凡 (NP)
1576656690573	22	1576656680349	德
1576737227721	22	1576737220160	兔
1576915420548	22	1576915411786	顺
1577091333889	22	1577091330611	筷
1577307074884	22	1577306081266	躲
1577994059676	22	1577993426532	扔
1578151831135	22	1578151757976	桥
1578337884598	22	1578337801817	堆
1579361117834	22	1579360867979	舍 (tone 4)
1579436558474	22	1579436315901	裹
1581968800845	22	1581961550413	温
1584303294637	22	1584303267875	挑
1550920333715	21	1550920329028	外
1551542585260	21	1551542494587	别
1551543561951	21	1551543491819	连
1551616512555	21	1551616417915	村
1552215546160	21	1552215506816	之
1552221115934	21	1552221035853	胜
1554032618909	21	1554032406747	长
1554032934413	21	1554032843767	体
1554630392558	21	1554630310284	差
1556367198173	21	1556367043604	作
1556367744910	21	1556367538673	左
1556369100667	21	1556368995146	呐
1557949990357	21	1557949755754	词
1557951012245	21	1557950933942	尤
1558986870820	21	1558986830154	成
1560110257588	21	1560110220262	导
1561372016011	21	1561371990363	评
1561372306131	21	1561372261938	倍
1561372341973	21	1561372306137	部
1561372491903	21	1561372457153	乐
1561373518930	21	1561373481391	亭
1562658286257	21	1562657977873	改
1562735280725	21	1562735160122	棋
1563193213015	21	1563192920505	较
1563193750308	21	1563193540676	牛
1563695810181	21	1563695756293	歌
1563696251416	21	1563696228511	亚
1566136956432	21	1566136928059	治
1566137290934	21	1566137273693	矢 (NP)
1566137675930	21	1566137659306	难
1566137805575	21	1566137788200	客
1566138173982	21	1566138155132	恩 (no pronounce)
1566140169230	21	1566140151065	厄 (no pronounce)
1566140266104	21	1566140250053	忙
1568975119778	21	1568975011614	齐 (no pronounce)
1569027837908	21	1569027828698	帮
1570099754499	21	1570099751528	摸
1570250141075	21	1570249971971	奂 (NP)
1570810373942	21	1570810356663	革
1571321285051	21	1571321277196	试
1571939547534	21	1571939544637	康
1572468717106	21	1572468706282	量
1572546193052	21	1572546190427	衬
1573029360797	21	1573029347951	NA
1574661658206	21	1574661598843	君 (NP)
1575709007735	21	1575709001480	聪
1576093264309	21	1576093261341	琴
1576824795295	21	1576824768892	仔
1576947705437	21	1576947651598	野
1577909421191	21	1577909392838	舅
1578253429445	21	1578253267044	栋
1578253791413	21	1578253429470	柜
1578318592886	21	1578318503450	弄
1578325673859	21	1578325465267	沙
1578562690398	21	1578562672859	末
1578895937357	21	1578895934842	穷
1579120666955	21	1579120655363	率
1579436032833	21	1579435756254	规
1579726146375	21	1579726143477	醇
1580450667064	21	1580450634777	弗 (NP)
1582474093440	21	1582474065374	皂
1583352546716	21	1583352505508	蹲
1584303400291	21	1584303366506	残
1585388825837	21	1585388799822	补
1585388988642	21	1585388942279	遵
1586325571594	21	1586325567225	势
1588187725025	21	1588187721873	盼
1550920147948	20	1550920140713	又
1550920234248	20	1550920226246	月
1550920313973	20	1550920307397	语
1552221230508	20	1552221178634	星
1552221965865	20	1552221916564	首
1552938062413	20	1552937979173	而
1552938999446	20	1552938891701	同
1554032752118	20	1554032658766	张
1554033567889	20	1554033512783	占
1554629375913	20	1554629081368	克
1554629444792	20	1554629375945	辛
1556368463901	20	1556368280645	见
1557951766881	20	1557951579676	近
1560026309754	20	1560025986806	当
1560110531429	20	1560110506201	眼
1562664798615	20	1562664638255	暖
1563089457571	20	1563088900995	予 (NP)
1563165685531	20	1563165483608	敬
1563165805328	20	1563165685580	苟
1563209570589	20	1563209308932	蜜
1563696341662	20	1563696311301	史
1563696422898	20	1563696394860	更
1563696685330	20	1563696625321	觉
1563698825519	20	1563698758668	民
1565813625947	20	1565813600543	楼
1565813675799	20	1565813650978	室
1565813823612	20	1565813807655	页
1566137694056	20	1566137675940	毛
1566139396782	20	1566139383399	躺
1566140037188	20	1566140008505	报 (right part, no pronounce)
1566140186795	20	1566140169239	危
1567925999453	20	1567925997003	选
1569399453363	20	1569399448807	厕
1570035494876	20	1570035486697	聊
1570103135609	20	1570103131722	蒙
1570644768560	20	1570644764766	毕
1570683668528	20	1570683583999	呙 (NP)
1571334288645	20	1571334277209	修
1572468585918	20	1572468576375	普
1575468507689	20	1575468502972	价
1576824553840	20	1576824546809	捉
1577604991253	20	1577604945785	卷 (NP)
1577782285262	20	1577782282880	NA
1577906491570	20	1577906467722	浅
1578241460410	20	1578241357420	血
1578594941125	20	1578594668575	闹
1579360867957	20	1579360431673	宿
1579367084309	20	1579366727374	竖
1581018573683	20	1581018461667	格
1582474013150	20	1582473902044	珠
1583304409486	20	1583304406336	领
1552220496530	19	1552220344299	母
1554031881403	19	1554031837783	年 (no story, lower part - minus cloud)
1556369674679	19	1556369609120	满
1556369793804	19	1556369674686	互
1556369940961	19	1556369865891	比
1560110421524	19	1560110381900	足
1561371787251	19	1561371745291	南 (only inner character part, no pronounce)
1561373842026	19	1561373818769	答
1562300427557	19	1562300256578	省
1562479891169	19	1562479511833	扇
1562738579218	19	1562738470658	密
1563187467506	19	1563187080667	信
1563696147582	19	1563696117053	旧
1563697289051	19	1563697265511	色
1565811425134	19	1565811391709	话
1566137713439	19	1566137694064	集
1566139947673	19	1566139908633	节
1566140110325	19	1566140091541	通
1567925859442	19	1567925854576	挤
1569046654928	19	1569046580864	厅
1569474279183	19	1569474273359	狗
1569572778273	19	1569572775799	袜
1569612879020	19	1569612876054	梯
1569771554475	19	1569771550466	图
1569954348931	19	1569954346467	除
1570173891277	19	1570173888787	婚
1570288669918	19	1570288666805	套
1570971836756	19	1570971714230	舞 (lower, NP)
1571037570502	19	1571037511480	羔 (NP)
1571334350546	19	1571334338040	鸭
1571938242903	19	1571938207546	饱
1576824718994	19	1576824553891	摇
1576871495318	19	1576871218547	拜
1576872757718	19	1576871893964	菊
1576945662015	19	1576945659120	波
1576946845562	19	1576946748691	犯
1577799741666	19	1577799729627	蛇
1577882770354	19	1577882709313	解 (RP, NP)
1577900849621	19	1577900836720	竹
1577901293674	19	1577900849685	材
1577911203489	19	1577911012171	宠
1578047234258	19	1578047231489	命
1578153453493	19	1578153386159	显 (NP)
1578343371805	19	1578343336793	卒 (NS)
1578594169795	19	1578593964088	挂
1579433501979	19	1579433329657	翻
1584559402270	19	1584559397635	胸
1584694332523	19	1584694312294	强
1584694425660	19	1584694375472	淘
1585389085962	19	1585389059932	拼
1585389278577	19	1585389248022	预
1550920187104	18	1550920173226	云
1550920197393	18	1550920187155	运
1554629081362	18	1554629030548	湖
1557949755730	18	1557949639248	司
1557952525304	18	1557952451718	卖
1560110659593	18	1560110643266	饿
1561371252741	18	1561371208475	方
1561371811436	18	1561371787259	南
1561373078800	18	1561373044896	反
1561373481381	18	1561373455268	亮
1561373595464	18	1561373564744	间
1562480183743	18	1562480050515	稀
1562661469989	18	1562661226920	欢
1562664182241	18	1562664044091	爱 (top four strokes, no pronounce)
1563698076047	18	1563698039797	社
1563698576182	18	1563698555621	组
1565811473949	18	1565811425145	适
1565813319345	18	1565813294577	术
1565813888926	18	1565813870042	圆
1566137977304	18	1566137933960	杂
1566138114365	18	1566138096183	才
1566138730000	18	1566138710810	及
1566139733762	18	1566139706194	咸
1566140387514	18	1566140371708	参
1566140421354	18	1566140402992	影
1568945623562	18	1568945620844	齿
1568945935053	18	1568945927725	另
1569027464879	18	1569027460501	饮
1569027692197	18	1569027680431	般
1569046167296	18	1569046162490	象
1569058023493	18	1569058019893	郊
1569162207513	18	1569162204641	舍 (NP)
1569396100784	18	1569396095297	虽
1570044689671	18	1570044685945	居
1570100042729	18	1570100039853	醒
1571289130441	18	1571288989575	曼 (NP)
1571473416321	18	1571473413216	短
1571583563706	18	1571583555506	烧
1572194423543	18	1572194420319	味
1575404214894	18	1575404207439	枪
1576700285763	18	1576700213426	贯 (NP)
1576911090651	18	1576911060465	朿 (NS)
1576947651566	18	1576946845598	神
1577301208819	18	1577301166931	配
1577909729049	18	1577909421219	养
1578318503423	18	1578318459894	蛙
1578336960656	18	1578336782818	盖
1578605358451	18	1578605148190	绑
1580294451660	18	1580294448519	欺
1580365429393	18	1580365247460	费
1580624084738	18	1580624081883	悲
1580635909647	18	1580635875280	涨
1581018770782	18	1581018755457	抓
1581080268410	18	1581080265319	曾
1550920244355	17	1550920239150	有
1551616139520	17	1551615954486	要
1552214543263	17	1552214444160	础
1552215143198	17	1552215041931	㝵 (no pronounce)
1552220554600	17	1552220496566	每
1554032843758	17	1554032752131	本
1554629949081	17	1554629863560	看
1556368280638	17	1556368141419	右
1556369371502	17	1556369248550	两
1557950017315	17	1557949990394	典 (without legs, no story)
1557952144578	17	1557952018327	经
1560110381892	17	1560110342391	种
1561371745283	17	1561371720685	院
1561372457143	17	1561372423643	东
1562329248722	17	1562328932345	投
1562483047586	17	1562482918954	腰
1562661672424	17	1562661470030	久
1562745299951	17	1562745021356	照
1562746586279	17	1562746375622	程
1563696028181	17	1563696001222	化
1563697110575	17	1563697076267	气
1563697132671	17	1563697110581	汽
1563698432439	17	1563698409822	坏
1563698465646	17	1563698432446	且
1565813747532	17	1565813726955	提
1565855156578	17	1565855153875	原
1566137006974	17	1566136980138	始
1566137511529	17	1566137497524	亥 (no story)
1566137788188	17	1566137771089	路
1566138660073	17	1566138638008	汤
1566139535440	17	1566139512020	鱼
1568031923010	17	1568031913267	丈
1569027935457	17	1569027930447	妻
1569164989160	17	1569164967589	邦 (NP)
1569167336100	17	1569167308517	昌 (NP)
1569499369467	17	1569499344665	宛 (NP)
1569610681252	17	1569610669073	瑞
1570103233021	17	1570103228525	池
1570337479518	17	1570337343070	约 (NP)
1571470150537	17	1571470046253	刍 (NP)
1572468519379	17	1572468495503	伙
1572468668025	17	1572468648122	售
1574498821603	17	1574498788670	俞 (NS)
1574661700278	17	1574661658243	尹 (NS)
1576736113518	17	1576736066254	武
1577089691824	17	1577089529697	努
1577908451479	17	1577908404874	韦 (NS)
1580624624098	17	1580624569971	懒
1581961550382	17	1581961521077	宁
1582477515453	17	1582477339898	纤
1583653375359	17	1583653351851	军
1584303339748	17	1584303294677	剔
1584647297912	17	1584647282796	汁
1585717653400	17	1585717650930	尊
1551543760806	16	1551543660845	去
1551616397116	16	1551616259074	从
1552215506808	16	1552215356097	以
1552221779051	16	1552221724549	何
1552222020999	16	1552221965871	道
1552937886712	16	1552937833831	一 on top of 口 (no pronounce)
1552939476574	16	1552939360875	想
1554032318900	16	1554032196825	广
1554032406738	16	1554032318909	床
1556368857439	16	1556368798929	苦
1560110556480	16	1560110531457	银
1561371208469	16	1561371173139	闻
1561371669113	16	1561371638903	远
1561372749062	16	1561372684723	加
1562665407454	16	1562665179771	把
1562665763543	16	1562665585511	爬
1562928145138	16	1562927763758	枣
1563696710920	16	1563696685342	定
1563697265504	16	1563697235060	全
1563697419741	16	1563697396224	嘴
1563697540155	16	1563697517825	写
1563697589227	16	1563697552989	号
1563698409816	16	1563698391785	破
1563698873580	16	1563698850864	代
1566137321908	16	1566137309334	匚 (no story)
1566137381298	16	1566137359918	贵
1566137417676	16	1566137401511	束
1566137438145	16	1566137417688	整 (only upper, no pronounce)
1566137531029	16	1566137511542	该
1566138063670	16	1566138048494	责
1566138430653	16	1566138374741	物
1566138710803	16	1566138692353	奶
1566140545110	16	1566140527194	世
1568017509930	16	1568017499408	终
1569027877443	16	1569027873907	蛋
1569046268018	16	1569046249288	散
1569215951844	16	1569215922195	钱 (RP NS)
1569527099813	16	1569527086451	码
1574944431385	16	1574944428504	降
1575440283191	16	1575440259497	仓 (NP)
1576696063160	16	1576696057424	桌
1577258527250	16	1577258524346	于
1577306081198	16	1577305986163	标
1577724633559	16	1577724538144	段
1577884833179	16	1577884798517	NA
1578254356987	16	1578254219090	匙
1578326154112	16	1578325839046	岩
1579366450275	16	1579366237272	墨
1580926704616	16	1580926421835	误
1582831601774	16	1582831288514	敢
1582833033811	16	1582833018623	晕
1583179234427	16	1583179204582	乱
1583314548467	16	1583314545212	篇
1584985730378	16	1584985717352	抱
1550920345662	15	1550920341499	分
1550920361661	15	1550920350603	倒
1551544230186	15	1551544149121	Horns + 一 (no pronounce)
1551615954477	15	1551615894137	西
1552214245090	15	1552214149012	样
1552937833825	15	1552937794604	厂 (with slight slope on top line, no story)
1552937930244	15	1552937886726	后
1552938187073	15	1552938124931	找
1554628910951	15	1554628829961	故
1554630025557	15	1554629949089	讨
1554630279930	15	1554630230590	接
1557950520410	15	1557950467085	其
1557951072101	15	1557951012256	京 (only top box and lid, no pronounce)
1557951940491	15	1557951865717	新
1558986962270	15	1558986870830	城
1558987277043	15	1558987211816	孝 (no pronounce)
1560110220230	15	1560110152975	起
1561371342635	15	1561371314564	放
1561371407744	15	1561371369786	万
1561373658409	15	1561373630615	合
1562418284957	15	1562418060014	流
1562657977828	15	1562657287067	进
1562757061271	15	1562756864762	空
1563010578900	15	1563010383472	夜
1563174482811	15	1563174370285	速
1563187080629	15	1563186742624	言
1563695892411	15	1563695849763	应
1563696311265	15	1563696282090	碰
1565813770176	15	1565813747543	让
1566136980122	15	1566136956478	抬
1566137826948	15	1566137805586	丙 (no pronounce)
1566139786194	15	1566139767509	布
1566140402984	15	1566140387525	景
1568021162134	15	1568021158373	铁
1569046222422	15	1569046201081	宾
1569474417530	15	1569474405527	迎
1569772536357	15	1569772531759	跑
1569954195596	15	1569954190946	蓝
1570642288536	15	1570642286204	薪
1570644182118	15	1570644179774	尝
1571634176611	15	1571634164000	曹 (NP)
1572169270180	15	1572169140487	NA
1572344322423	15	1572344197178	免 (NP)
1572468971069	15	1572468967587	萄
1572518225897	15	1572518219062	NA
1572701242067	15	1572701239210	洞
1572980632206	15	1572980626847	矮
1573383570064	15	1573383439211	黄 (middle, NP)
1576824254262	15	1576824244842	钓
1576913914966	15	1576913788436	童
1577091422792	15	1577091420224	季
1577374410319	15	1577374349779	匆
1577448150417	15	1577448147751	锻
1577609552660	15	1577609514660	恨
1577906467674	15	1577906434018	橙
1578166066770	15	1578165929367	按
1579362057226	15	1579361821397	福
1579367276571	15	1579367084323	挺
1580279015558	15	1580279009745	廷 (NP)
1580636481645	15	1580636476020	哟
1582204770936	15	1582204768340	臭
1582656076905	15	1582655944312	冘 (NP)
1583230236245	15	1583230200432	详
1584216850372	15	1584216846823	删
1586930040172	15	1586930035333	股
1587706833546	15	1587706829170	型
1550765343854	14	1550765291170	儿
1550920098094	14	1550920094218	马
1550920211253	14	1550920205422	会
1550920226213	14	1550920221770	国
1550920239107	14	1550920234307	朋
1550920328974	14	1550920324299	名
1551543437435	14	1551543325180	学
1551615415251	14	1551615274917	咱
1551616812271	14	1551616730686	谢
1552214648041	14	1552214543271	岁
1552220605072	14	1552220554607	海
1552220711733	14	1552220686422	用
1552221178628	14	1552221115944	姓
1552221916551	14	1552221840464	啊
1552939203800	14	1552939102484	必
1554033129792	14	1554033025122	立
1554033357545	14	1554033291774	啦
1554628986118	14	1554628910960	姑
1556368141412	14	1556368054104	座
1556369465032	14	1556369371508	辆
1558987172388	14	1558987104783	猪
1558987321085	14	1558987277051	教
1560026509589	14	1560026350207	尼 (no pronounce)
1560109738631	14	1560109653736	所
1560110152967	14	1560110067338	走
1561371173114	14	1561371072040	问
1561372541811	14	1561372517883	算
1561372782022	14	1561372749070	驾
1561373330816	14	1561373294937	情
1561373420792	14	1561373394422	精
1561373564710	14	1561373536915	单
1563166012648	14	1563165805379	察
1563326142693	14	1563325940134	呈 (NP)
1563696282082	14	1563696251424	並 (no pronounce)
1563697695583	14	1563697674603	市
1563698594986	14	1563698576189	宜
1566137995083	14	1566137977328	怎
1566139412853	14	1566139396789	堂
1566139512010	14	1566139494159	备
1566140595156	14	1566140579968	界
1569027569593	14	1569027564704	战
1569074729572	14	1569074726268	嘛
1569396046488	14	1569396040833	宛 (NP lower part)
1569396134414	14	1569396117331	游
1569499522097	14	1569499487248	斿 (NP)
1569527086419	14	1569527075601	拨
1570044715597	14	1570044701192	超
1570099989047	14	1570099986041	搬
1570103118755	14	1570103112083	式
1570641950378	14	1570641941118	旅
1571288527279	14	1571288504134	龹 (NS)
1571321369638	14	1571321362751	休
1572468403572	14	1572468392756	妇
1572468691856	14	1572468680188	靠
1572468706253	14	1572468691886	练
1572769808912	14	1572769805809	绿
1573240633658	14	1573240625908	冬
1574503526275	14	1574503521036	待
1575196665422	14	1575196651359	附
1575211348913	14	1575211345461	灰
1576824813597	14	1576824795349	柄
1576946309165	14	1576946263650	粉
1577448204433	14	1577448150448	炼
1577724660975	14	1577724633574	段 (LP, NS)
1577782398103	14	1577782395578	衫
1577988765447	14	1577988484098	刷
1578135621034	14	1578135558903	尺 (NS)
1578512539121	14	1578512237452	吓
1579331362200	14	1579331359139	玄 (NS)
1579437007569	14	1579436867972	枉
1579459828704	14	1579459809313	畐 (NS)
1581113457591	14	1581113448173	奋
1582092615910	14	1582092464568	昷 (NP)
1583304498592	14	1583304495349	案
1583653716591	14	1583653694535	奉 (NP)
1585388885834	14	1585388825893	熟
1585389016351	14	1585388988677	财
1587448300719	14	1587448293910	掰
1550919967634	13	1550919910744	七
1550920075456	13	1550920067839	边
1550920140664	13	1550920128749	尔
1550920341448	13	1550920333760	刀
1551542232168	13	1551542142849	明
1551543162932	13	1551543108487	冖 (No story)
1551543660838	13	1551543597071	开
1551544149090	13	1551544042224	千
1551544305860	13	1551544230193	刖 (no pronounce)
1551544410501	13	1551544305868	前
1551615894128	13	1551615820120	哪
1551616553638	13	1551616512619	时
1552162267515	13	1552161073247	山
1552214379029	13	1552214308982	出
1552214805294	13	1552214681923	但
1552938838948	13	1552938772841	电
1552939360870	13	1552939203806	相
1554628225080	13	1554627722250	果
1554629700650	13	1554629638220	卡
1556367367221	13	1556367198180	昨
1557951110803	13	1557951072136	京
1557951529994	13	1557951110815	就
1557952596120	13	1557952525336	读
1557952726654	13	1557952596127	实
1558986830144	13	1558986788856	戊 (no pronounce)
1560109653712	13	1560109533047	户
1561371484071	13	1561371455478	住
1561372570667	13	1561372541817	第 (lower part only, no story)
1561373100177	13	1561373078820	饭
1561373700289	13	1561373658416	拿
1561373778221	13	1561373741538	哈
1562479002321	13	1562478675438	棉
1562665585468	13	1562665407503	爸
1562738806965	13	1562738638126	彩
1562932770603	13	1562932568716	签
1562933159712	13	1562932770653	证
1563192711825	13	1563192549880	交
1563193540652	13	1563193213046	校
1563193923007	13	1563193750362	件
1563695979316	13	1563695937087	向
1563696089502	13	1563696028188	花
1563696540584	13	1563696523961	夬 (no story)
1563696569907	13	1563696540591	块
1563696784087	13	1563696765426	懂
1563697444860	13	1563697419748	最
1563697494971	13	1563697475120	谈
1563698486164	13	1563698465678	姐
1563698758660	13	1563698726146	笔
1566138573069	13	1566138430663	易
1566139799589	13	1566139786204	希
1566140091530	13	1566140071444	甬 (no pronounce)
1566140231183	13	1566140205232	亡 (without lid, no story)
1566140443401	13	1566140421362	匃 (no pronounce)
1566140514556	13	1566140497829	继 (right part, no pronounce)
1568009581105	13	1568009570355	尖
1568021332620	13	1568021330311	恐
1569046580830	13	1569046573527	越
1569087138786	13	1569087131816	唱
1569560280554	13	1569560276112	瓜
1569866645213	13	1569866616181	离 (upper, NP)
1570044675338	13	1570044669044	林
1570173718033	13	1570173714914	戏
1570283650294	13	1570283644934	鞋
1570970099059	13	1570970002217	旅 (RP, lower, NS)
1571334140412	13	1571334123617	急
1571938178276	13	1571938172287	NA
1571940521284	13	1571940514683	NA
1572160082448	13	1572160012701	彦 (NP)
1572197218780	13	1572197004484	包
1572468967521	13	1572468963535	葡
1572858555576	13	1572858550107	木
1574164749770	13	1574164747018	箱
1574187018385	13	1574187013656	NA
1575189412696	13	1575189318167	扁 (NP)
1575535467721	13	1575535391755	楚
1576871218494	13	1576871215745	灵
1577304110976	13	1577304011321	卫
1577305986136	13	1577305951577	NA
1577901662519	13	1577901478195	鼻
1578151757954	13	1578151700770	乔 (NP)
1578153383082	13	1578153238072	湿
1578217728121	13	1578217604567	厌
1578254219059	13	1578253791449	钥
1578599750865	13	1578599561263	播
1578895966158	13	1578895954585	匹
1579365484921	13	1579365334438	吸
1579365974451	13	1579365823225	烦
1580624673076	13	1580624640769	赖 (NP)
1580636475992	13	1580636464801	鹅
1582057170785	13	1582057167916	串
1582474065301	13	1582474013185	膏
1583304698402	13	1583304695613	丝
1585126294709	13	1585126270308	否
1587363197172	13	1587363194161	置
1550920117140	12	1550920110122	大
1550920128710	12	1550920121992	夫
1550920205370	12	1550920197431	动
1550920324263	12	1550920320379	多
1551615274909	12	1551615206857	自
1551615507923	12	1551615415259	阝(no story)
1551615820083	12	1551615766174	那
1552215791885	12	1552215698380	丿(no story, part of 午)
1552216050194	12	1552215998768	午
1552220789108	12	1552220711741	半
1552221496711	12	1552221433720	告
1552938674971	12	1552938579649	里
1552939691676	12	1552939596314	今
1554033025097	12	1554032934447	书
1554033427087	12	1554033357551	火
1554033817116	12	1554033680210	点
1556369609110	12	1556369554367	满 (no pronounce, without water radical)
1557950172495	12	1557950017323	典
1558986992639	12	1558986962281	者 (upper part only, no pronounce)
1558987211809	12	1558987172395	老
1560026766654	12	1560026509628	呢
1560110461244	12	1560110437132	很
1560110483853	12	1560110461254	根
1561371720676	12	1561371694031	完
1561371951498	12	1561371922485	平
1561372226632	12	1561372196036	些
1561372825032	12	1561372782031	咖
1561372850381	12	1561372825039	非
1561373154462	12	1561373129656	米
1561373197843	12	1561373154470	青
1563209290790	12	1563209116163	芽
1563696228503	12	1563696147590	业
1563696591000	12	1563696569916	快
1563696851656	12	1563696821964	睡
1563698534705	12	1563698511437	租
1566136928021	12	1566136636823	台
1566137639247	12	1566137613478	谁
1566137864746	12	1566137844287	病
1566138638001	12	1566138616867	场
1566138692347	12	1566138681888	乃 (no story)
1566139339572	12	1566139310012	周
1566139428985	12	1566139412863	常
1567925958167	12	1567925955611	港
1569027730951	12	1569027725089	境
1569027906366	12	1569027902153	担
1569399332748	12	1569399329631	错
1569741190936	12	1569741186584	离
1569770591456	12	1569770584441	街
1569780820789	12	1569780806640	章
1569829568368	12	1569829563650	辣
1569866616155	12	1569866571213	凶 (NP)
1569905701853	12	1569905663979	巷 (NP)
1570100055012	12	1570100051084	秋
1570509832792	12	1570509705998	药
1570695882105	12	1570695866512	卯 (NS)
1570891296521	12	1570891288049	舞
1571334260591	12	1571334231316	够
1571475189052	12	1571475186538	冒
1571583447069	12	1571583441317	脑
1572468312691	12	1572468307570	考
1573106334898	12	1573106331388	兼 (NP)
1573625310337	12	1573625266356	春 (top, NS)
1573994188161	12	1573994174460	啬 (NP)
1576044362520	12	1576044356828	炒
1576617218466	12	1576617194639	逃
1576870861205	12	1576870858193	研
1577301260171	12	1577301208854	纹
1577304002873	12	1577301260234	威
1577308064042	12	1577308056875	帽
1577801955835	12	1577799912729	蔬
1578148758715	12	1578148754558	蕉
1578326527733	12	1578326154141	丘 (NS)
1578550245984	12	1578550059678	缚
1579361821361	12	1579361692812	封
1585716277312	12	1585716267244	孰 (NP)
1586090415738	12	1586090393171	赚
1586325567156	12	1586325562459	姿
1586365933646	12	1586365927071	凉
1586930494055	12	1586930491189	析
1587621718280	12	1587621712385	惩
1587621725553	12	1587621718315	罚
1550918501601	11	1550918468189	几
1550920094176	11	1550920090291	下
1550920293426	11	1550920275197	说
1551542494541	11	1551542370138	另 (no pronounce)
1551543491811	11	1551543437467	车
1551543818688	11	1551543760835	法
1551615077354	11	1551615024388	安
1552160936615	11	1552160871933	豕 (no story)
1552161073199	11	1552160936665	家
1552220927504	11	1552220837957	生 (without label, no story)
1552221724542	11	1552221684809	河
1552222109169	11	1552222021009	发
1554032196789	11	1554032093056	没
1554628787073	11	1554628734963	政
1554630136170	11	1554630025591	回
1556368054075	11	1556367888165	坐
1556368593323	11	1556368463950	现
1556369248542	11	1556369100699	肉
1557951865682	11	1557951766889	听
1557952263746	11	1557952223776	头 (only spots, no pronounce)
1558986732427	11	1558986676701	音
1561371455471	11	1561371407754	主
1561371609964	11	1561371578110	元
1561371638892	11	1561371609974	园
1561372104961	11	1561372064340	事 (lower part only, no story)
1561372135950	11	1561372104982	事
1561372619822	11	1561372591797	弟
1561373536908	11	1561373518938	停
1562505113364	11	1562504862325	护
1562661060247	11	1562658702265	次
1562664335397	11	1562664182315	爱 (top six strokes, no pronounce)
1562664975405	11	1562664798660	父
1562665179731	11	1562665027709	吧
1563010239008	11	1563010114956	烤
1563165483569	11	1563165351191	警
1563166232549	11	1563166089001	景
1563185791629	11	1563185541727	送
1563695937079	11	1563695892420	向 (minus droplet, no pronounce)
1563696523951	11	1563696496743	英
1563697195145	11	1563697176705	艺
1563697216167	11	1563697195154	乞
1563697963823	11	1563697854454	示
1563698251279	11	1563698222137	衣
1563698391779	11	1563698369496	被
1565813574282	11	1565813537137	数 (left part only, no pronounce)
1565813650963	11	1565813625964	层
1565813870029	11	1565813845531	员
1566138596882	11	1566138573118	踢
1566139282794	11	1566139143899	喜
1566139310006	11	1566139282828	周 (inner part, no pronounce)
1567926014300	11	1567926011914	油
1569027191889	11	1569027035486	骑
1569046228610	11	1569046222461	馆
1569087164679	11	1569087151199	害
1569474367280	11	1569474362998	菜
1569527359706	11	1569527349545	糟
1569610538802	11	1569610533407	忆
1569654108259	11	1569653992163	赛 (without shell, NP)
1569769958329	11	1569769954348	胖
1569906505079	11	1569906491960	耑 (NP)
1570288435049	11	1570288430896	NA
1570336022734	11	1570336019849	囱 (NS)
1570642390622	11	1570642386798	掉
1570644951990	11	1570644949070	怪
1571201963868	11	1571201956450	王
1571334024364	11	1571334017261	刚
1571335054192	11	1571335046610	奇
1571763931487	11	1571763919742	扫
1571769167565	11	1571769136613	冒 (upper, NS)
1572206559022	11	1572206550598	转
1572468488186	11	1572468463540	受
1572892298565	11	1572892291847	零
1573453372589	11	1573453366209	匋 (NP)
1573498619634	11	1573498613207	脸
1574594009838	11	1574594007083	裙
1575213287369	11	1575213277999	柿
1575824390223	11	1575824327842	架
1576656819728	11	1576656785716	魏
1576948011751	11	1576947886213	光
1577258585921	11	1577258568919	葱
1577701673270	11	1577701646944	鲜
1577781759756	11	1577781656645	禺 (NP)
1577799912660	11	1577799741691	熊
1578151945269	11	1578151888579	NA
1578327148184	11	1578326527768	顶
1578327988796	11	1578327148219	厚
1578512237417	11	1578512087871	迷
1579366727348	11	1579366450307	横
1580327739048	11	1580327726689	亢 (NP)
1580709395889	11	1580709261048	乘
1583304740316	11	1583304737201	绒
1585669304817	11	1585669301896	频
1587448009703	11	1587448002711	模
1587448305819	11	1587448300749	弯
1587706838448	11	1587706833591	冠
1588312247486	11	1588312244512	哲
1550919414198	10	1550919355398	门
1550920090253	10	1550920083503	上
1550920350569	10	1550920345696	至
1551542746633	10	1551542673973	如
1551615659883	10	1551615612635	阴
1551616618315	10	1551616553646	过
1552215356090	10	1552215310465	公
1552221840454	10	1552221779084	阿
1552939102454	10	1552938999452	心
1554032093049	10	1554032002737	殳 (no pronounce)
1554033291745	10	1554033208483	拉
1554033658656	10	1554033567896	站
1554629516983	10	1554629444803	亲
1557950367135	10	1557950172504	红
1557951579665	10	1557951530049	斤
1560110342382	10	1560110285057	钟
1561371694000	10	1561371669121	玩
1561372165093	10	1561372135957	面
1561372893668	10	1561372850389	啡
1561373630608	10	1561373595472	简
1561373818760	10	1561373778231	给
1563010075535	10	1563009807178	永
1563014080852	10	1563013934149	烫
1563016861430	10	1563014080900	区
1563185541681	10	1563185280147	关
1563697076260	10	1563697056921	飞
1565813356445	10	1565813319356	支
1565813436317	10	1565813403563	等
1566137592075	10	1566137570427	刻
1566139494149	10	1566139473631	务
1566139750055	10	1566139733770	感
1569046194415	10	1569046167343	李
1569523265853	10	1569523168187	斿 (NP)
1569572865616	10	1569572845123	椒
1569612902793	10	1569612898454	敏
1569737881233	10	1569737876351	龙
1569954225356	10	1569954219012	兴
1571334325528	10	1571334308788	保
1571335236012	10	1571335228916	像
1571554722781	10	1571554717048	双
1571857229155	10	1571857209311	尧 (top, NS)
1572009939978	10	1572009932705	NA
1572156415764	10	1572156350639	NA
1572468760426	10	1572468746180	赶
1572468853133	10	1572468831991	仁
1572700937089	10	1572700931214	NA
1572980626836	10	1572980618988	厘
1573890580210	10	1573890577101	篮
1574402439390	10	1574402398311	哭 (upper, NP)
1575189457991	10	1575189412830	扁 (LOWER, NS)
1575707670830	10	1575707661204	击
1576331494303	10	1576331488415	NA
1576824825156	10	1576824813621	刺
1576946263603	10	1576945850161	毒
1576946748674	10	1576946746104	尾
1577902022873	10	1577901662536	狮
1578060638737	10	1578060626956	NA
1578895954561	10	1578895937382	独
1584304226989	10	1584304155967	麦
1584734889317	10	1584734872902	洲
1585668921460	10	1585668918432	罩
1586197410338	10	1586197407339	厉
1586930035297	10	1586930030853	屁
1587449593682	10	1587449590591	获
1588312355025	10	1588312352120	辞
1550765217019	9	1550765159249	四
1550920062114	9	1550920052209	六
1550920121941	9	1550920117187	太
1550920261818	9	1550920256833	来
1550920307366	9	1550920293450	吾 (no pronounce)
1551543325171	9	1551543211693	''' + 冖 (no pronounce)
1551615144625	9	1551615077361	字
1552426665725	9	1552426509356	到
1552938276071	9	1552938187085	打
1552938507229	9	1552938491627	田 (no story)
1552938579640	9	1552938507235	男
1554032002730	9	1554031881440	年
1554033512773	9	1554033427093	灯
1554033922667	9	1554033817129	店
1556368784305	9	1556368689416	再
1557952451706	9	1557952371440	买
1560110506194	9	1560110483862	跟
1561372381755	9	1561372360620	北
1561373222233	9	1561373197852	请
1561373394415	9	1561373330822	睛
1562479429196	9	1562479117040	茄
1562483436454	9	1562483169182	度
1562656816396	9	1562656774977	卑 (no story)
1563187721595	9	1563187467528	少
1563695756268	9	1563695690921	哥
1565813484927	9	1565813462977	特
1565813537127	9	1565813514014	风
1565813845519	9	1565813823626	题
1565813954209	9	1565813929155	台
1566137340295	9	1566137321920	医
1566138155126	9	1566138135450	因
1566140250047	9	1566140231214	亡 (no pronounce)
1566140323229	9	1566140307600	望
1567925918925	9	1567925913218	丑
1569087301087	9	1569087295501	钱
1569474758634	9	1569474753941	宝
1569591827805	9	1569591822164	伞
1569686362987	9	1569686351766	笑
1569905532636	9	1569905436567	则 (NP)
1570099860644	9	1570099857896	牙
1570131006378	9	1570131001100	甜
1571068806353	9	1571068801505	慢
1571075897505	9	1571075688413	夏
1571335128161	9	1571335123388	梦
1571583667181	9	1571583659573	叔
1572412962596	9	1572412956150	美
1572701389174	9	1572701386576	餐
1572763774153	9	1572763763348	NA
1572861935179	9	1572861932408	镸 (NS)
1573549120146	9	1573549114952	NA
1573658041754	9	1573657941610	斥 (NP)
1574499499203	9	1574499496000	NA
1575007356309	9	1575007353458	夅 (NP)
1576656680321	9	1576656669615	隆
1576656959534	9	1576656819771	雅
1576856059555	9	1576856032959	紫
1578147041798	9	1578146962270	夷 (NS)
1578148087694	9	1578147989781	邮
1578250339471	9	1578250226376	猜
1578512087845	9	1578512003360	雾
1578741663885	9	1578741506889	蠢
1578826055900	9	1578826051606	NA
1579362699028	9	1579362404438	存
1579433329609	9	1579433167857	寄
1581448403916	9	1581448397028	淇
1582924034018	9	1582923993649	植
1583353094919	9	1583353046694	隔
1585388781100	9	1585388502984	严
1586930574295	9	1586930571225	贪
1588740208344	9	1588740203687	怀
1550765291110	8	1550765217055	十
1550918733358	8	1550918662143	力
1550919668118	8	1550919414229	正
1550920167217	8	1550920161184	土 (no story)
1550920275143	8	1550920270308	兑 (no pronounce)
1552214308972	8	1552214245127	班
1552216109498	8	1552216050204	禾 (no pronounce)
1552938891695	8	1552938838954	冂 (no story)
1556366942792	8	1556366610596	能
1556369865884	8	1556369793834	它
1557313450012	8	1557313273524	宽
1557952018319	8	1557951966116	经 (only right part, no pronounce)
1557952371431	8	1557952346362	乛 (no story)
1561371990356	8	1561371951506	苹
1561372661429	8	1561372619831	劳 (upper two parts, no pronounce)
1561373455258	8	1561373420799	亮 (top three parts, no pronounce)
1562300152822	8	1562300008839	品
1562657002365	8	1562656816448	啤
1562664638208	8	1562664335431	爱
1563166659526	8	1563166516601	周
1563174623798	8	1563174509399	死
1563192549830	8	1563187721643	步
1563696765419	8	1563696746898	董 (no pronounce)
1563697149345	8	1563697132681	乙 (no story)
1563697396216	8	1563697375017	嘴 (minus mouth, no pronounce)
1563697796858	8	1563697772343	带 (lower part, no pronounce)
1563697987438	8	1563697963844	票
1563698639938	8	1563698616478	直 (lower part only, no story)
1563698685169	8	1563698660340	真
1566137027246	8	1566137006987	谷 (no pronounce)
1566137359905	8	1566137340306	贵 (top only, no pronounce)
1566137481749	8	1566137457387	嗽 (without mouth, no pronounce)
1566137551316	8	1566137531040	孩
1566138306127	8	1566138252101	球
1566139473621	8	1566139448492	条
1566140461286	8	1566140443409	曷 (NP)
1566140565080	8	1566140545143	介 (lower part, no story)
1569027792883	8	1569027789182	查
1569046201029	8	1569046194465	刘
1569168342793	8	1569168144895	召 (np)
1569499403635	8	1569499369476	碗
1569499662771	8	1569499636990	昔 (NP)
1570092962308	8	1570092956618	冷
1570971711732	8	1570971706432	屯 (NS)
1571029855806	8	1571029716157	览 (top, NP)
1571287576415	8	1571287539942	卓 (NS)
1571308569332	8	1571308534507	叟 (NS)
1571857194228	8	1571857160408	NA
1572169140464	8	1572169060556	戴 (outer, NP)
1572329206609	8	1572329201955	耳
1572338162261	8	1572338156576	晚
1572468648077	8	1572468626320	营
1573626440151	8	1573626415000	肖 (NP)
1574229942550	8	1574229873478	佥 (NP)
1575794792685	8	1575794782927	梨
1576617559972	8	1576617404048	盘
1576946398951	8	1576946309191	NA
1577219714387	8	1577219708871	鸟
1577992392481	8	1577991913227	盒
1577993372390	8	1577993105954	滑
1578150413840	8	1578150367998	焦 (NP)
1578548861341	8	1578548815004	甲 (NS)
1578731694459	8	1578731573572	郎 (NP)
1580929104448	8	1580929087833	杀
1581448409579	8	1581448403964	淋
1586366128762	8	1586366119632	寒
1588015114736	8	1588014917014	摆
1550758191566	7	1550758096064	我
1550758433382	7	1550758191606	你
1550758537559	7	1550758480586	二
1550765063134	7	1550764935378	小
1550918921633	7	1550918825222	子
1550919355350	7	1550919243726	文
1550919848119	7	1550919735434	什
1550919910698	7	1550919848166	五
1550920052168	7	1550919967687	九
1550920256808	7	1550920251630	妹
1551542142813	7	1551542045129	天
1551542370097	7	1551542257935	汉
1551542891508	7	1551542816954	丁 (no story)
1551543211686	7	1551543162940	''' (three angled dots, no story)
1551543597064	7	1551543561958	廾 (no story)
1551544042216	7	1551543980554	- (gently slanting stroke, down left, no story)
1551615024375	7	1551614931778	宀 (no story)
1551616181504	7	1551616139556	酉 (no story)
1551616259064	7	1551616181512	酒
1551616730677	7	1551616677826	射 (no pronounce)
1552221035822	7	1552220927510	生
1552222157392	7	1552222109230	工
1555360371684	7	1555360189140	在
1557951966105	7	1557951940500	经 (top right part, no story)
1558987433023	7	1558987382682	然 (top part, no pronounce)
1560110643258	7	1560110633699	饣 (no story)
1561372261932	7	1561372226639	倍 (only right part, no pronounce)
1562656206254	7	1562656147998	丩(no story)
1563166516552	7	1563166266058	调
1563696362922	7	1563696341670	吏 (no story)
1563697639036	7	1563697605842	度
1563698015521	7	1563697987445	漂
1563698039788	7	1563698015528	礻(no story)
1563698189053	7	1563698153576	表 (lower half, no story)
1565813403552	7	1565813382547	寺 (no pronounce)
1565813910043	7	1565813888937	高
1566137232233	7	1566137207443	声
1566137309327	7	1566137290949	知
1566137401503	7	1566137381306	您
1566137613468	7	1566137592121	隹 (NS)
1566137736963	7	1566137713447	夂 (no story)
1566139122315	7	1566138876667	吉 (no pronounce)
1566140477715	7	1566140461295	喝
1569867363632	7	1569867303991	圭 (NP)
1569867688231	7	1569867683818	画
1569905878322	7	1569905838062	疋 (NS)
1570044678965	7	1570044675360	森
1570164719097	7	1570164610618	令 (NP)
1571069134129	7	1571069131325	减
1571471466057	7	1571471422426	狂 (NP)
1571763948779	7	1571763931517	澡
1572518315243	7	1572518310380	商
1573539152931	7	1573539057711	冏 (NP)
1574142088806	7	1574142069806	苗 (NP)
1575007954977	7	1575007952113	斗 (NS)
1576476753930	7	1576476749061	网
1576696228480	7	1576696223172	兰
1577304618248	7	1577304603721	沿
1577884798484	7	1577884790823	爷
1577901478172	7	1577901293691	鸵 (NS)
1577993426504	7	1577993377813	骨 (NS)
1578148754481	7	1578148749557	NA
1578166328343	7	1578166139072	疯
1578815620063	7	1578815510756	番 (NP)
1579360232614	7	1579360100199	丰
1579436725484	7	1579436558498	航
1580471576921	7	1580471549549	羽
1581182764969	7	1581182761760	刅 (NS)
1582782541880	7	1582782507106	溥 (NP)
1583050712200	7	1583050643358	洛 (NP)
1583352470658	7	1583352396569	闪
1583352986983	7	1583352939599	棒
1583613258236	7	1583613236661	岛
1587790757101	7	1587790754532	闷
1588274034284	7	1588274031509	济
1588422901283	7	1588422898585	欧
1550758480530	6	1550758433415	一
1550758600254	6	1550758537594	三
1550918662087	6	1550918597460	杯
1550918825191	6	1550918733409	女
1550919243691	6	1550919164214	勺 (no pronounce)
1550919735373	6	1550919668232	手
1550920067793	6	1550920062149	百
1551542816948	6	1551542746645	彳(no pronounce)
1551615612626	6	1551615507956	阳
1551616417906	6	1551616397126	寸 (no story)
1552214681916	6	1552214648051	旦 (no pronounce)
1552215906497	6	1552215791892	/- (no pronounce, a label attached to a unicorn)
1552939596307	6	1552939558704	"Right-pointing ""V"" (no story)"
1554628734954	6	1554628634141	政 (right part only, no pronounce)
1554629030541	6	1554628986147	胡 (no pronounce)
1554630230584	6	1554630136183	妾 (no prounounce)
1554630854778	6	1554630777059	这
1560110437123	6	1560110421534	艮 (no story)
1561372360588	6	1561372341979	丬(no story)
1562656406119	6	1562656206291	叫
1563012004263	6	1563010863538	壶
1563697056866	6	1563696851663	飞 (without two dots, no story)
1563697552981	6	1563697540163	丂 (no story)
1563698322526	6	1563698281810	衤(no story)
1565813807644	6	1565813770189	贝 (no pronounce)
1566138229928	6	1566138211521	水
1566138331308	6	1566138306133	勿 (NS)
1566138616854	6	1566138596891	场 (only right part, no story)
1566138821872	6	1566138800813	原
1566139908602	6	1566139799599	印 (right part, no pronounce)
1566140346057	6	1566140323238	雨
1569524694371	6	1569524664243	卬 (LP NS)
1569654138430	6	1569654108295	赛 (no shell and no lid, NS)
1570288652116	6	1570288649202	盲
1570509587920	6	1570509547564	廴 (NS)
1570971881543	6	1570971836786	舞 (upper, NS)
1572159730143	6	1572159680831	瓦 (NS)
1572468451011	6	1572468434538	幺
1572614740010	6	1572614735460	NA
1572932609921	6	1572932604907	NA
1573382114745	6	1573382109634	猫
1573540740852	6	1573540671822	丸 (NP)
1573625817584	6	1573625814296	吕 (NS)
1573749031135	6	1573749007555	酱 (top, NS)
1574228758283	6	1574228735555	锁 (RP, NS)
1576698443498	6	1576698438706	鬼
1577089776264	6	1577089691868	奴 (NP)
1577782252514	6	1577782247201	冰
1578151888553	6	1578151831163	歹 (NP)
1581752729818	6	1581752687421	囟 (NS)
1583214802598	6	1583214794667	堇 (NS)
1583353127052	6	1583353094970	剧
1583653576440	6	1583653543910	鬲 (NS)
1583819914529	6	1583819870850	饼
1583824208285	6	1583824201193	丽
1583865889429	6	1583865886574	芒
1585388799783	6	1585388781159	律
1585388942205	6	1585388916325	嘿
1588434584919	6	1588434568269	偷
1550918439123	5	1550918347783	口
1550918468165	5	1550918439165	日
1550918597397	5	1550918501651	机
1550918982833	5	1550918921668	好
1550919106649	5	1550918982867	八
1550919164174	5	1550919106684	白
1550920083474	5	1550920075502	卜 (no pronounce)
1550920110086	5	1550920098130	妈
1550920221735	5	1550920217174	玉 (no pronounce)
1550920270288	5	1550920265320	兄 (no pronounce)
1551000871125	5	1551000769088	中
1551542257886	5	1551542232201	氵(no story)
1551543874546	5	1551543818696	耳 (No story)
1551615766167	5	1551615659891	那 (left part, no story)
1552215452843	5	1552215143228	乚 (no story, the bend in 以)
1552220686388	5	1552220605080	半 (without top horns, no story)
1552221328808	5	1552221230515	牛 (without bottom tail, no pronounce)
1552937979140	5	1552937930251	而 (lower part only, no pronounce)
1552938104517	5	1552938062425	扌 (no story)
1554032658758	5	1554032618935	弓 (no story)
1554033680205	5	1554033658710	灬 (no story)
1554630310275	5	1554630279940	羊 (no story)
1555360189078	5	1555360063999	在 (only surrounding part, no story)
1556366610571	5	1556366477652	匕 (no story)
1556367043572	5	1556367023307	乍 (no story)
1556368798923	5	1556368784345	艹 (no story)
1557950933932	5	1557950856643	犬 (no pronounce)
1558987104777	5	1558987078262	猪 (left part only, no story)
1560025986716	5	1560025933160	当 (bara nedre, ingen historia)
1560110067330	5	1560110049012	巳 (no story)
1560110285051	5	1560110257595	钅(no story)
1561371578101	5	1561371550791	兀 (no pronounce)
1561372517876	5	1561372491913	算 (upper part only, no story)
1561373294929	5	1561373273202	忄(no story)
1562658317020	5	1562658286310	冫(no story)
1562661723509	5	1562661672460	爪 (no story)
1563166063067	5	1563166012686	祭 (no pronounce)
1563696821955	5	1563696784097	垂 (no story)
1563697235051	5	1563697216177	吃
1563697605833	5	1563697589237	廿 (no story)
1563697772337	5	1563697753915	带 (top part, no story)
1566137844276	5	1566137826958	疒 (no story)
1566140371701	5	1566140362807	彡 (no story)
1569650624167	5	1569650618767	氏 (no story)
1569866667263	5	1569866645220	离 (lower, NP)
1570077020733	5	1570076976471	皿 (ns)
1570509623321	5	1570509588008	聿 (NS)
1570971381368	5	1570971339288	兆 (NS)
1571289159791	5	1571289134215	曼 (NS, middle)
1572169315081	5	1572169270206	共 (only upper, NS)
1572893908099	5	1572893905198	旡 (NS)
1573540800280	5	1573540740878	丸 (NS, crossing stroke)
1576129811222	5	1576129733844	玨 (NS)
1576476021208	5	1576475982163	率 (NS)
1576697240859	5	1576697231513	舟 (NS)
1577515306605	5	1577515267371	候 (RP, NS)
1578251261316	5	1578251234815	臣 (NS)
1583391265958	5	1583391255444	麻
1586504368490	5	1586504365577	盆
1588740213655	5	1588740208408	疑
1588966826363	5	1588966429733	怨
1560026350177	4	1560026309822	尸 (no story)
1563326859456	4	1563326800538	尗 (no story)
1571069730949	4	1571069652735	嗬 (NS)
1572344401816	4	1572344322469	免 (NS, middle two boxes)
1572468615851	4	1572468605590	护
1573976209483	4	1573976164230	黑 (upper, NS)
1583352843374	4	1583352808397	孙
1583584176272	4	1583584143016	喂
1588311546354	4	1588311542653	孙
1570034309873	3	1570034301108	约
1583352624193	3	1583352546773	蚂
1583352771688	3	1583352696156	姥
1583390883823	3	1583390880887	仔
1576700351809	2	1576700285791	NA
1578896211643	2	1578896168169	征
1583352696091	2	1583352624225	蚁
1583352905239	2	1583352881794	猜
1583519060091	2	1583519056314	锅
1588966429700	2	1588966424058	赔
1589011895610	2	1589011892736	罢
1572468576346	1	1572468551591	貌
