card_id	reviews	curr_dur	curr_ease	avg_ease	notes_id	character
1566139448484	64	7	ease_3	2.375	1566139428993	掌
1572468737710	60	14	ease_3	2.1666666666666665	1572468717155	谦
1565813705401	56	21	ease_3	2.357142857142857	1565813675813	屋
1569527121850	55	18	ease_3	2.381818181818182	1569527099842	际
1576696106086	55	6	ease_3	2.1454545454545455	1576696097161	惯
1554630519396	54	105	ease_3	2.2777777777777777	1554630392587	着
1569027960701	54	21	ease_2	2.2962962962962963	1569027956387	乎
1572468392725	54	9	ease_3	2.3518518518518516	1572468380430	洋
1566138759675	53	7	ease_3	2.2452830188679247	1566138730013	级
1570103317938	53	12	ease_3	2.3962264150943398	1570103315512	锁
1572468463509	53	10	ease_2	2.2641509433962264	1572468451065	牌
1572469014422	53	8	ease_3	2.4150943396226414	1572469009959	酱
1552939891397	51	16	ease_3	2.5098039215686274	1552939691683	念
1570191747269	51	12	ease_1	2.196078431372549	1570191744121	演
1569027789148	49	11	ease_3	2.3877551020408165	1569027785289	检
1562816957976	47	9	ease_3	2.1914893617021276	1562816525800	序
1563697374984	47	10	ease_3	2.297872340425532	1563697345541	确
1563696394850	45	5	ease_3	2.311111111111111	1563696362929	使
1566139767497	45	17	ease_3	2.2888888888888888	1566139750064	喊
1568439281908	45	13	ease_3	2.3333333333333335	1568439279233	软
1576425112253	45	4	ease_3	2.1777777777777776	1576425108461	摔
1554628510372	44	11	ease_4	2.659090909090909	1554628225147	棵
1572468527821	44	22	ease_3	2.2954545454545454	1572468519408	概
1572468680147	44	8	ease_2	2.1818181818181817	1572468668064	悄
1572767696567	44	4	ease_3	2.090909090909091	1572767692138	既
1566138135444	43	20	ease_3	2.2790697674418605	1566138114371	团
1566139553453	43	7	ease_3	2.395348837209302	1566139535446	复
1569046162437	43	16	ease_3	2.255813953488372	1569046110871	印
1572413701547	43	7	ease_3	2.4186046511627906	1572412962626	趟
1572980603030	43	18	ease_3	2.302325581395349	1572980597119	墙
1563698726139	42	6	ease_2	2.3333333333333335	1563698685178	毛
1571068959383	42	15	ease_2	2.1904761904761907	1571068949210	款
1550920173196	41	39	ease_3	2.4390243902439024	1550920167254	地
1562656774934	41	29	ease_3	2.3902439024390243	1562656406156	收
1566137497514	41	12	ease_3	2.4146341463414633	1566137481760	嗽
1571634716512	41	15	ease_3	2.4390243902439024	1571634704379	冈 (NP)
1563697475111	40	41	ease_3	2.5	1563697444867	炎
1566140527187	40	17	ease_3	2.35	1566140514564	继
1568021282250	40	3	ease_3	2.175	1568021280146	充
1568945532922	40	14	ease_3	2.35	1568945529342	专
1569028022640	40	27	ease_3	2.175	1569028018786	绍
1574624804734	40	7	ease_3	2.4	1574624789708	瞎
1552938772813	39	88	ease_3	2.3333333333333335	1552938674976	理
1556369554356	39	20	ease_3	2.358974358974359	1556369465063	俩
1561371285292	39	24	ease_3	2.3076923076923075	1561371252754	访
1563698555613	39	31	ease_3	2.358974358974359	1563698534713	祖
1566137754197	39	7	ease_3	2.358974358974359	1566137736974	处
1566139143888	39	21	ease_2	2.3846153846153846	1566139122331	结
1567926032181	39	27	ease_3	2.4615384615384617	1567926029815	窗
1568954736994	39	17	ease_2	2.358974358974359	1568954734133	秒
1569527349519	39	23	ease_3	2.358974358974359	1569527317374	拳
1574947732500	39	3	ease_3	2.282051282051282	1574947728391	歉
1576939960487	39	4	ease_3	2.282051282051282	1576939560477	续
1577021567157	39	15	ease_3	2.128205128205128	1577021405223	申
1579362404400	39	15	ease_2	2.128205128205128	1579362057287	销
1558986451881	38	13	ease_3	2.3421052631578947	1558986403454	论
1563698345914	38	53	ease_3	2.289473684210526	1563698322534	初
1566140151055	38	15	ease_3	2.289473684210526	1566140130267	厄 (inner part, no story)
1568136225786	38	4	ease_3	2.1578947368421053	1568136207030	拐
1569165054336	38	17	ease_3	2.473684210526316	1569165045466	失
1572468434509	38	19	ease_3	2.3684210526315788	1572468420102	炊
1572468495467	38	9	ease_3	2.3421052631578947	1572468488230	授
1578152017194	38	18	ease_3	2.0526315789473686	1578151945296	NA
1578251230949	38	11	ease_3	2.210526315789474	1578251066800	卧
1580590082309	38	9	ease_3	2.236842105263158	1580590047884	偶
1550920161146	37	115	ease_3	2.6216216216216215	1550920147983	友
1561372913739	37	44	ease_3	2.189189189189189	1561372893675	排
1565813726942	37	34	ease_3	2.2972972972972974	1565813705416	握
1572468420073	37	25	ease_3	2.27027027027027	1572468403599	傅
1574690651336	37	3	ease_3	2.2972972972972974	1574690644884	招
1576948096972	37	11	ease_3	2.081081081081081	1576948011792	训
1577304603687	37	4	ease_3	2.054054054054054	1577304111039	圈
1556368884304	36	17	ease_3	2.5277777777777777	1556368857445	入
1556370110829	36	82	ease_3	2.3333333333333335	1556370016003	切
1558986676694	36	89	ease_3	2.361111111111111	1558986601783	识
1566138010184	36	8	ease_3	2.388888888888889	1566137995090	庄 (NP)
1566140611522	36	19	ease_3	2.0555555555555554	1566140595165	亦 (no pronounce)
1567926091369	36	31	ease_3	2.361111111111111	1567926088911	吵
1568021055530	36	21	ease_3	2.25	1568021053030	紧
1570044701185	36	22	ease_3	2.388888888888889	1570044689678	健
1579084395023	36	16	ease_2	2.3055555555555554	1579084392319	乖
1552220837950	35	19	ease_3	2.4285714285714284	1552220789115	利
1554629863551	35	85	ease_3	2.2857142857142856	1554629700736	还
1565813600509	35	41	ease_3	2.3714285714285714	1565813574295	数
1565813929144	35	9	ease_3	2.4285714285714284	1565813910079	搞
1568945584724	35	3	ease_3	2.342857142857143	1568945572932	压
1569022498409	35	12	ease_3	2.4	1569022495853	引
1578325838977	35	7	ease_3	2.3142857142857145	1578325673904	漠
1552215310430	34	81	ease_2	2.2941176470588234	1552214805326	得
1557313273472	34	5	ease_3	2.3529411764705883	1557313143947	窄
1558987574999	34	25	ease_3	2.264705882352941	1558987433031	然
1561372423638	34	36	ease_2	2.235294117647059	1561372381761	将
1563697658079	34	101	ease_3	2.4411764705882355	1563697639043	态
1563698616469	34	9	ease_3	2.264705882352941	1563698594995	谊
1567422834515	34	20	ease_3	2.323529411764706	1567422820242	铅
1567925976919	34	28	ease_3	2.3823529411764706	1567925974569	馅
1569027591678	34	13	ease_3	2.323529411764706	1569027588682	址
1570177194081	34	13	ease_3	2.4705882352941178	1570177190702	功
1571309034038	34	29	ease_3	2.411764705882353	1571309026312	息
1571334363019	34	3	ease_3	2.323529411764706	1571334350591	货
1572008597330	34	40	ease_2	2.3529411764705883	1572008594308	甫 (NP)
1577301166870	34	16	ease_3	2.235294117647059	1577301159060	甚
1580246155229	34	7	ease_3	2	1580246086213	统
1585389036748	34	5	ease_3	2	1585389016428	逭
1561373741531	33	13	ease_3	2.090909090909091	1561373700296	拾
1562665027668	33	14	ease_3	2.4242424242424243	1562664982055	巴
1563696117045	33	6	ease_3	2.242424242424242	1563696089510	历
1569027417984	33	13	ease_2	2.0606060606060606	1569027415081	舒
1570891287985	33	15	ease_3	2.212121212121212	1570891275824	跳
1572158621879	33	8	ease_3	2.4242424242424243	1572158618609	NA
1573752284934	33	4	ease_2	2.1515151515151514	1573752275444	录
1577001879212	33	11	ease_3	2.4242424242424243	1577001876026	川
1577091394697	33	29	ease_3	2.1818181818181817	1577091388135	据
1577909392809	33	18	ease_3	2.3636363636363638	1577909387214	咬
1578343159326	33	7	ease_3	2.212121212121212	1578343085503	碎
1580635959642	33	15	ease_3	2.272727272727273	1580635909668	增
1550920265268	32	77	ease_4	2.34375	1550920261859	了
1552215645049	32	162	ease_3	2.4375	1552215546167	为
1560110613630	32	37	ease_3	2.4375	1560110580973	娘
1560110633691	32	64	ease_2	2.28125	1560110613639	食
1562658522651	32	67	ease_3	2.21875	1562658317049	况
1562658702222	32	15	ease_3	2.375	1562658522673	欠
1563079875854	32	67	ease_3	2.4375	1563079759755	莫
1565811367009	32	9	ease_3	2.5	1565811296478	舌
1566138211512	32	40	ease_3	2.3125	1566138189741	困
1566138876626	32	44	ease_3	2.28125	1566138821883	愿
1566139706186	32	15	ease_3	2.4375	1566139678823	或
1569527317323	32	39	ease_3	2.46875	1569527305524	厦
1570288637828	32	20	ease_3	2.40625	1570288628889	虎
1572468818220	32	14	ease_3	2.40625	1572468806085	呼
1576945712075	32	12	ease_3	2.4375	1576945662048	技
1579365771410	32	26	ease_3	2.21875	1579365484988	耐
1579433027649	32	11	ease_3	2.25	1579432867154	陪
1579436867938	32	11	ease_3	2.125	1579436725517	冤
1580158535713	32	16	ease_3	2.25	1580158532734	剩
1580640448678	32	11	ease_3	2.3125	1580640389858	宋
1552222210271	31	45	ease_3	2.4193548387096775	1552222157399	江
1563698369487	31	71	ease_3	2.5161290322580645	1563698345921	皮
1565813462967	31	19	ease_3	2.2903225806451615	1565813436331	持
1566139604561	31	16	ease_3	2.2580645161290325	1566139589363	计
1569610766021	31	8	ease_3	2.3870967741935485	1569610763054	净
1570173682816	31	8	ease_3	2.3870967741935485	1570173679943	趣
1577301121179	31	6	ease_3	2.4516129032258065	1577301032846	囚
1577305850673	31	13	ease_3	2.193548387096774	1577304618279	NA
1577799410200	31	18	ease_3	2.161290322580645	1577799372652	器
1577906775645	31	26	ease_3	2.225806451612903	1577906676149	围
1578152151184	31	7	ease_3	2.2903225806451615	1578152017258	险
1578592587065	31	5	ease_3	2.193548387096774	1578592372765	肯
1550920320326	30	88	ease_2	2.4	1550920314025	夕
1551543980547	30	111	ease_3	2.2	1551543874553	取
1552939558695	30	53	ease_3	2.466666666666667	1552939476624	思
1558986601776	30	74	ease_3	2.466666666666667	1558986562737	织
1562656147981	30	64	ease_3	2.3333333333333335	1562655971987	片
1563240437765	30	47	ease_3	2.3666666666666667	1563240294821	采
1563696001187	30	50	ease_3	2.3333333333333335	1563695979323	响
1566138252065	30	64	ease_3	2.3666666666666667	1566138229936	求
1568021242246	30	18	ease_3	2.3666666666666667	1568021239404	剪
1570079626721	30	4	ease_3	2.3333333333333335	1570079620135	育
1570283489779	30	26	ease_3	2.433333333333333	1570283483586	需
1570436876955	30	10	ease_3	2.3666666666666667	1570436873187	余
1570682775670	30	28	ease_3	2.5	1570682772456	昏 (NP)
1572169060529	30	8	ease_2	2.1333333333333333	1572168927563	NA
1572468831967	30	20	ease_3	2.3333333333333335	1572468818250	低
1576420856521	30	25	ease_3	2.3333333333333335	1576420841373	啥
1578254952162	30	28	ease_3	2.2333333333333334	1578254588032	达
1578594668549	30	30	ease_3	2.2	1578594169818	侧
1579363273717	30	6	ease_3	2.2666666666666666	1579362699110	杆
1581362347916	30	4	ease_3	2.2	1581362304523	抽
1550920251603	29	41	ease_3	2.4827586206896552	1550920244392	未 (no story)
1554629638210	29	38	ease_3	2.5172413793103448	1554629516990	产
1562661226886	29	24	ease_3	2.2413793103448274	1562661060324	吹
1562928386164	29	8	ease_3	2.3793103448275863	1562928195566	镜
1563698103236	29	33	ease_3	2.413793103448276	1563698076057	祝
1566140205225	29	58	ease_3	2.2758620689655173	1566140186807	顾
1568021142072	29	41	ease_3	2.1724137931034484	1568021137855	托
1569027469439	29	43	ease_2	2.310344827586207	1569027464926	料
1569046249249	29	14	ease_3	2.4827586206896552	1569046228660	堵
1569396142941	29	20	ease_3	2.4482758620689653	1569396134464	泳
1569527132810	29	28	ease_2	2.4482758620689653	1569527121902	览
1570045289128	29	7	ease_3	2.2758620689655173	1570045278627	究
1571334337984	29	13	ease_3	2.2758620689655173	1571334329209	礼
1572468746148	29	35	ease_3	2.310344827586207	1572468737755	虚
1572468788476	29	30	ease_3	2.2758620689655173	1572468760472	由
1573045476431	29	30	ease_3	2.3448275862068964	1573045353644	练 (RP, NS)
1575127177711	29	9	ease_3	2.2758620689655173	1575127165854	NA
1575267078960	29	13	ease_3	2.310344827586207	1575267019625	付
1576735993661	29	19	ease_3	2.310344827586207	1576735990310	赋
1576945850131	29	32	ease_3	2.3448275862068964	1576945712108	虫
1577906676130	29	23	ease_3	2.2758620689655173	1577906491590	桶
1579366237197	29	9	ease_2	2.1724137931034484	1579365974581	管
1579436212621	29	15	ease_2	2.1724137931034484	1579436032867	版
1580636464783	29	10	ease_3	2.3448275862068964	1580636435439	币
1580640268015	29	7	ease_3	2.206896551724138	1580640239302	梁
1584303452135	29	4	ease_3	2.103448275862069	1584303400352	忍
1554033208474	28	90	ease_2	2.5357142857142856	1554033129799	位
1554628829950	28	18	ease_3	2.642857142857143	1554628787084	古
1558986205616	28	83	ease_3	2.107142857142857	1558986107563	指
1560110049002	28	92	ease_3	2.2142857142857144	1560109982429	已
1561371550782	28	42	ease_3	2.1785714285714284	1561371509864	往
1561373249308	28	66	ease_3	2.3214285714285716	1561373222240	清
1563697176699	28	6	ease_2	2.4642857142857144	1563697149355	亿
1563698281804	28	52	ease_3	2.392857142857143	1563698251286	农
1566138028666	28	84	ease_3	2.4642857142857144	1566138010191	脏
1566138681881	28	38	ease_3	2.2857142857142856	1566138660091	扬
1569524664127	28	27	ease_3	2.357142857142857	1569524574797	卬 (NP)
1571077479732	28	18	ease_2	2.4285714285714284	1571077473761	穿
1571334296383	28	6	ease_3	2.4642857142857144	1571334288693	婆
1575315767862	28	4	ease_3	2.2142857142857144	1575315761991	举
1576947886194	28	20	ease_3	2.25	1576947837695	升
1578893590690	28	9	ease_3	2.357142857142857	1578893358411	途
1579360431623	28	15	ease_3	2.1785714285714284	1579360232636	富
1579361533729	28	7	ease_3	2.142857142857143	1579361117869	勤
1581595842129	28	7	ease_3	2.142857142857143	1581595824981	傻
1581969770273	28	12	ease_3	2.1785714285714284	1581968800887	值
1552214444114	27	16	ease_3	2.4074074074074074	1552214379038	石
1552221433690	27	68	ease_2	2.4444444444444446	1552221328815	先
1557950754893	27	12	ease_3	2.4444444444444446	1557950520418	期
1557952223743	27	48	ease_3	2.5185185185185186	1557952144584	轻
1558987023913	27	109	ease_3	2.3703703703703702	1558986992651	者
1560109876069	27	88	ease_3	2.2962962962962963	1560109788724	记
1561371922476	27	9	ease_3	2.259259259259259	1561371811443	幸
1561372591791	27	60	ease_3	2.4444444444444446	1561372570674	第
1563174338767	27	14	ease_3	2.4814814814814814	1563174204284	豆
1563696625289	27	78	ease_2	2.4444444444444446	1563696591008	决
1563698153536	27	98	ease_3	2.3333333333333335	1563698103243	视
1565811391697	27	25	ease_4	2.3703703703703702	1565811367037	刮
1565813294535	27	10	ease_3	2.1481481481481484	1565811474019	活
1565813513998	27	10	ease_3	2.4444444444444446	1565813484938	义
1566139570206	27	26	ease_2	2.4074074074074074	1566139553463	壬 (no pronounce)
1566139970618	27	16	ease_3	2.4074074074074074	1566139947681	却
1566140053779	27	53	ease_3	2.259259259259259	1566140037199	报
1566140130260	27	55	ease_3	2.3703703703703702	1566140110332	痛
1569027725038	27	34	ease_3	2.4074074074074074	1569027719551	环
1569087254313	27	24	ease_3	2.4074074074074074	1569087246517	纸
1569527139822	27	33	ease_3	2.5185185185185186	1569527132847	展
1571334277176	27	19	ease_3	2.4444444444444446	1571334260637	逛
1572159848254	27	41	ease_3	2.2962962962962963	1572159730198	并
1572701273277	27	17	ease_3	2.3333333333333335	1572701270613	酪
1573753487367	27	5	ease_3	2.2222222222222223	1573753478014	议
1577090474884	27	13	ease_3	2.3333333333333335	1577090468295	NA
1577701583993	27	14	ease_2	2.3703703703703702	1577701581138	遇
1578148702347	27	4	ease_3	2.037037037037037	1578148427947	择
1579367781544	27	28	ease_3	2.074074074074074	1579367643469	缺
1580465104493	27	12	ease_3	2.3333333333333335	1580464935259	状
1582474133019	27	9	ease_3	2.185185185185185	1582474093493	枕
1552216222419	26	118	ease_3	2.3076923076923075	1552216109507	和
1558986513084	26	81	ease_2	2.3461538461538463	1558986451890	认
1563697345533	26	68	ease_3	2.3076923076923075	1563697289063	角
1566137273655	26	75	ease_3	2.3076923076923075	1566137254463	装
1566137659295	26	69	ease_3	2.1923076923076925	1566137639255	推
1566137771075	26	38	ease_3	2.5384615384615383	1566137754210	各
1566138096175	26	50	ease_3	2.3846153846153846	1566138079907	负
1566138374732	26	68	ease_2	2.269230769230769	1566138331315	忽
1566138800802	26	17	ease_3	2.3846153846153846	1566138759690	泉
1566140008496	26	27	ease_3	2.3076923076923075	1566139970626	脚
1568031809461	26	25	ease_3	2.230769230769231	1568031807162	塑
1568945903645	26	24	ease_3	2.3076923076923075	1568945900342	类
1569592028572	26	56	ease_2	2.423076923076923	1569592025433	底
1570044685936	26	23	ease_3	2.423076923076923	1570044678972	邻
1570288617823	26	24	ease_3	2.5	1570288614044	钢
1570509547528	26	37	ease_3	2.3076923076923075	1570509336456	建
1572468605543	26	7	ease_3	2.3461538461538463	1572468585952	针
1572468936647	26	16	ease_3	2.5	1572468932667	矿
1576617403992	26	19	ease_3	2.423076923076923	1576617382608	敲
1577003379805	26	21	ease_3	2.3076923076923075	1577003339136	毋 (NS)
1577991913180	26	19	ease_3	2.3076923076923075	1577991790013	栏
1578592833695	26	5	ease_3	2.3461538461538463	1578592587090	县
1579433167798	26	15	ease_2	2.230769230769231	1579433027689	局
1585389247941	26	11	ease_3	2	1585389226934	职
1551615206825	25	147	ease_3	2.28	1551615144635	目
1551616677818	25	136	ease_3	2.48	1551616618323	身
1554628634110	25	29	ease_3	2.48	1554628510383	课
1556370015991	25	71	ease_3	2.48	1556369940968	批
1557950856635	25	89	ease_2	2.44	1557950754929	基
1562478564925	25	20	ease_4	2.52	1562478307874	厨
1562758099701	25	69	ease_3	2.36	1562757137065	墓
1563069725956	25	56	ease_3	2.24	1563069637779	竟
1563696477500	25	100	ease_3	2.12	1563696422905	便
1563698511426	25	91	ease_2	2.2	1563698486170	助
1563698850857	25	31	ease_3	2.44	1563698825550	弋 (no pronounce)
1566139589294	25	51	ease_2	2.2	1566139570213	任
1566139642930	25	29	ease_3	2.28	1566139604567	设
1566140071434	25	28	ease_2	2.32	1566140053786	服
1566140632455	25	79	ease_2	1.96	1566140611529	变
1569027443161	25	71	ease_3	2.04	1569027440036	具
1569474299229	25	6	ease_3	2.44	1569474294401	系
1569610707578	25	30	ease_3	2.4	1569610698639	裤
1570044624579	25	57	ease_3	2.28	1570044612391	换
1570177054785	25	11	ease_3	2.28	1570177051605	锅
1571334329176	25	34	ease_3	2.28	1571334325583	守
1573891136682	25	28	ease_3	2.28	1573891131947	愉
1575008124926	25	4	ease_3	2.48	1575008121808	凡 (NP)
1576737678438	25	8	ease_3	2.32	1576737649782	替
1576947837648	25	23	ease_3	2.24	1576947705458	输
1577219657843	25	20	ease_3	2.36	1577219654991	留
1578166475058	25	13	ease_2	2.32	1578166348291	伤
1578550418731	25	23	ease_3	2.28	1578550246046	捆
1579365087997	25	25	ease_2	2.2	1579364592648	雄
1580933947376	25	11	ease_3	2.32	1580933931578	猴
1582477339846	25	8	ease_2	2.28	1582477327805	薄
1583353160091	25	12	ease_3	1.88	1583353127110	探
1585389117080	25	5	ease_3	2.04	1585389085991	形
1551543108453	24	105	ease_3	2.2916666666666665	1551542961155	行
1552215698373	24	192	ease_3	2.4166666666666665	1552215645080	办
1552221684802	24	105	ease_3	2.25	1552221562631	可
1552937794568	24	135	ease_2	2.5	1552937671546	厂
1558986562730	24	70	ease_3	2.375	1558986513092	只
1560109788717	24	108	ease_3	2.2916666666666665	1560109738639	己
1560109982419	24	75	ease_3	2.5416666666666665	1560109876101	纪
1560110580964	24	38	ease_3	2.5416666666666665	1560110556490	良
1561371314556	24	58	ease_3	2.375	1561371285299	房
1562657068209	24	116	ease_3	2.625	1562657002408	井
1562657287025	24	84	ease_3	2.5	1562657068252	讲
1563697824194	24	46	ease_3	2.375	1563697796867	带
1563698660330	24	80	ease_3	2.4583333333333335	1563698639946	直
1566137179340	24	76	ease_2	2.4583333333333335	1566137075647	士
1566139383388	24	34	ease_3	2.5	1566139361660	尚 (no pronounce)
1566140497822	24	4	ease_4	2.4166666666666665	1566140477726	渴
1566140579959	24	46	ease_3	2.375	1566140565087	介
1569027873854	24	57	ease_3	2.4166666666666665	1569027858791	鸡
1569074873168	24	46	ease_3	2.2916666666666665	1569074867879	船
1569527366136	24	50	ease_3	2.5416666666666665	1569527359738	糕
1570086405968	24	37	ease_3	2.625	1570086317341	育 (top, NP)
1570336125147	24	43	ease_2	2.5	1570336122204	兵 (NP)
1570891539926	24	36	ease_2	2.25	1570891537546	顿
1572329213148	24	41	ease_3	2.4166666666666665	1572329206638	朵
1572468901065	24	24	ease_3	2.4583333333333335	1572468896093	黄
1576871893919	24	32	ease_2	2.125	1576871495347	撞
1576939560427	24	14	ease_3	2.4583333333333335	1576939552591	叉
1577991523079	24	34	ease_3	2.3333333333333335	1577991388370	惜
1578146959545	24	12	ease_3	2.25	1578146710029	姨
1578605032543	24	41	ease_3	2.3333333333333335	1578604854382	廊
1579436558474	24	6	ease_3	2.1666666666666665	1579436315901	裹
1580640389798	24	9	ease_3	2.4166666666666665	1580640268055	燕
1580642380070	24	9	ease_3	2.375	1580642344761	旬
1552162371669	23	141	ease_3	2.4347826086956523	1552162267566	羊
1552938400626	23	117	ease_3	2.3043478260869565	1552938276077	对
1556367888159	23	115	ease_3	2.4347826086956523	1556367744969	做
1557950467073	23	59	ease_3	2.4782608695652173	1557950367176	细
1557952346354	23	6	ease_3	2.4782608695652173	1557952263755	头
1558986788849	23	68	ease_3	2.1739130434782608	1558986732456	意
1558987078229	23	84	ease_3	2.347826086956522	1558987023921	都
1558987382651	23	12	ease_3	2.4782608695652173	1558987321094	然 (only left part, no story)
1561373129649	23	63	ease_3	2.4347826086956523	1561373100184	板
1563186742588	23	59	ease_3	2.3043478260869565	1563185791671	联
1563192920467	23	85	ease_3	2.5652173913043477	1563192711884	饺
1563698222127	23	51	ease_3	2.347826086956522	1563698189061	表
1566137075628	23	64	ease_3	2.347826086956522	1566137027257	容
1566137207430	23	98	ease_3	2.260869565217391	1566137179350	志
1566137457375	23	76	ease_3	2.391304347826087	1566137438152	整
1566138048484	23	40	ease_3	2.5652173913043477	1566138028672	总
1566138189730	23	50	ease_2	2.391304347826087	1566138173989	嗯
1566139678811	23	55	ease_3	2.347826086956522	1566139642940	划
1566140362797	23	61	ease_3	2.4782608695652173	1566140346064	雪
1569770522614	23	36	ease_3	2.5652173913043477	1569770518830	叶
1570177252475	23	57	ease_3	2.4782608695652173	1570177250257	瘦
1570644618097	23	21	ease_2	2.347826086956522	1570644614700	肥
1571069236896	23	20	ease_3	2.5652173913043477	1571069234154	裳
1571940340308	23	32	ease_3	2.347826086956522	1571940337295	NA
1574708335649	23	19	ease_3	2.3043478260869565	1574708332945	NA
1576656690573	23	14	ease_3	2.391304347826087	1576656680349	德
1576737227721	23	12	ease_3	2.5652173913043477	1576737220160	兔
1576872938918	23	42	ease_3	2.0434782608695654	1576872757818	制
1577877510550	23	24	ease_3	2.4347826086956523	1577877507676	烟
1577904787720	23	28	ease_3	2.4347826086956523	1577904759860	畀 (NS)
1577994059676	23	5	ease_3	2.4782608695652173	1577993426532	扔
1578148929528	23	31	ease_2	1.8695652173913044	1578148925958	NA
1578167921479	23	21	ease_3	2.391304347826087	1578166475100	背
1578896011522	23	19	ease_3	2.260869565217391	1578895966179	丢
1579846154764	23	12	ease_3	2.217391304347826	1579846123334	享 (NP)
1580636435353	23	20	ease_3	2.260869565217391	1580636416299	队
1581968800845	23	8	ease_2	2.130434782608696	1581961550413	温
1582204481570	23	15	ease_3	2.3043478260869565	1582204471149	落
1584303294637	23	13	ease_3	2.1739130434782608	1584303267875	挑
1551542961148	22	152	ease_3	2.409090909090909	1551542891515	亍 (no pronounce)
1552215998710	22	126	ease_2	2.4545454545454546	1552215906503	干
1552221562624	22	137	ease_3	2.4545454545454546	1552221496719	洗
1552938491615	22	132	ease_3	2.5	1552938400657	树
1556367198173	22	99	ease_3	2.590909090909091	1556367043604	作
1556368689405	22	71	ease_3	2.5	1556368593337	观
1556368995137	22	114	ease_3	2.5	1556368884317	内
1558986403420	22	64	ease_3	2.590909090909091	1558986205622	仑 (NP)
1561371369754	22	110	ease_3	2.409090909090909	1561371342642	旁
1561372196030	22	55	ease_2	2.227272727272727	1561372165100	此
1561372341973	22	91	ease_3	2.5	1561372306137	部
1561372684712	22	112	ease_3	2.227272727272727	1561372661460	劳
1561373273195	22	66	ease_3	2.5	1561373249341	晴
1561373518930	22	52	ease_3	2.4545454545454546	1561373481391	亭
1563695849753	22	69	ease_3	2.3636363636363638	1563695810187	应 (inner part, no pronounce)
1563696746888	22	87	ease_3	2.3636363636363638	1563696710927	重
1563697517817	22	64	ease_3	2.5	1563697494981	与 (no pronounce)
1563697674596	22	54	ease_3	2.3636363636363638	1563697658087	巾
1563697720983	22	34	ease_3	2.4545454545454546	1563697695617	帀 (no pronounce)
1563697753905	22	76	ease_3	2.4545454545454546	1563697720990	师
1565813382535	22	92	ease_2	2.0454545454545454	1565813356456	极
1566139361652	22	71	ease_2	2.227272727272727	1566139339580	调
1566140280652	22	56	ease_3	2.409090909090909	1566140266111	忘
1569027573918	22	56	ease_3	2.1818181818181817	1569027569645	争
1569027764132	22	47	ease_3	2.5454545454545454	1569027753505	椅
1569474232401	22	45	ease_3	2.1363636363636362	1569474225944	赛
1570044721235	22	21	ease_3	2.5454545454545454	1570044715608	博
1570077161569	22	35	ease_3	2.5	1570077020771	监 (NP)
1570099754499	22	3	ease_3	2.409090909090909	1570099751528	摸
1570107192064	22	80	ease_3	2.272727272727273	1570107186259	腿
1570250141075	22	6	ease_3	2.409090909090909	1570249971971	奂 (NP)
1570511132939	22	83	ease_2	2.272727272727273	1570511109781	退
1571806605584	22	49	ease_3	2.272727272727273	1571806590204	尃 (NP)
1571939547534	22	58	ease_3	2.4545454545454546	1571939544637	康
1573540655440	22	37	ease_3	2.409090909090909	1573540577213	NA
1576824795295	22	31	ease_3	2.3181818181818183	1576824768892	仔
1576915420548	22	57	ease_2	2.090909090909091	1576915411786	顺
1577091333889	22	33	ease_2	2.3636363636363638	1577091330611	筷
1578318592886	22	21	ease_3	2.4545454545454546	1578318503450	弄
1578337884598	22	13	ease_3	2.272727272727273	1578337801817	堆
1578562690398	22	54	ease_3	2.3636363636363638	1578562672859	末
1578594941125	22	4	ease_3	2.272727272727273	1578594668575	闹
1579361117834	22	19	ease_3	2.090909090909091	1579360867979	舍 (tone 4)
1579726146375	22	31	ease_3	2.3181818181818183	1579726143477	醇
1580450667064	22	21	ease_3	2.1818181818181817	1580450634777	弗 (NP)
1582474093440	22	10	ease_3	2.3181818181818183	1582474065374	皂
1583352546716	22	6	ease_3	2.3181818181818183	1583352505508	蹲
1584303400291	22	8	ease_3	2.0454545454545454	1584303366506	残
1585388988642	22	6	ease_3	2	1585388942279	遵
1550920333715	21	73	ease_3	2.5238095238095237	1550920329028	外
1551542585260	21	157	ease_3	2.5238095238095237	1551542494587	别
1551543561951	21	117	ease_3	2.2857142857142856	1551543491819	连
1551616512555	21	155	ease_3	2.0476190476190474	1551616417915	村
1552215546160	21	82	ease_3	2.4761904761904763	1552215506816	之
1552221115934	21	86	ease_3	2.380952380952381	1552221035853	胜
1554032618909	21	88	ease_3	2.2857142857142856	1554032406747	长
1554032934413	21	158	ease_3	2.2857142857142856	1554032843767	体
1554630392558	21	97	ease_3	2.4761904761904763	1554630310284	差
1556367744910	21	125	ease_3	2.2857142857142856	1556367538673	左
1556369100667	21	112	ease_3	2.619047619047619	1556368995146	呐
1557949990357	21	101	ease_3	2.2857142857142856	1557949755754	词
1557951012245	21	83	ease_3	2.5714285714285716	1557950933942	尤
1558986870820	21	115	ease_3	2.380952380952381	1558986830154	成
1560110257588	21	144	ease_3	2.4285714285714284	1560110220262	导
1561372016011	21	16	ease_3	2.4285714285714284	1561371990363	评
1561372306131	21	81	ease_2	2.380952380952381	1561372261938	倍
1561372491903	21	62	ease_3	2.4285714285714284	1561372457153	乐
1562658286257	21	100	ease_3	2.619047619047619	1562657977873	改
1562735280725	21	16	ease_3	2.4761904761904763	1562735160122	棋
1563193213015	21	88	ease_3	2.4761904761904763	1563192920505	较
1563193750308	21	74	ease_3	2.380952380952381	1563193540676	牛
1563695810181	21	65	ease_3	2.4761904761904763	1563695756293	歌
1563696251416	21	69	ease_3	2.2857142857142856	1563696228511	亚
1566136956432	21	52	ease_3	2.380952380952381	1566136928059	治
1566137290934	21	80	ease_2	2.6666666666666665	1566137273693	矢 (NP)
1566137675930	21	63	ease_3	2.5714285714285716	1566137659306	难
1566137805575	21	102	ease_3	2.1904761904761907	1566137788200	客
1566138173982	21	22	ease_3	2.380952380952381	1566138155132	恩 (no pronounce)
1566140169230	21	27	ease_3	2.7142857142857144	1566140151065	厄 (no pronounce)
1566140266104	21	83	ease_3	2.380952380952381	1566140250053	忙
1568975119778	21	45	ease_3	2.380952380952381	1568975011614	齐 (no pronounce)
1569027837908	21	39	ease_3	2.5238095238095237	1569027828698	帮
1570644768560	21	91	ease_2	2.1904761904761907	1570644764766	毕
1570810373942	21	38	ease_3	2.380952380952381	1570810356663	革
1571321285051	21	40	ease_3	2.2857142857142856	1571321277196	试
1572468717106	21	30	ease_3	2.2857142857142856	1572468706282	量
1572546193052	21	58	ease_3	2.2857142857142856	1572546190427	衬
1573029360797	21	57	ease_3	2.380952380952381	1573029347951	NA
1574661658206	21	40	ease_3	2.380952380952381	1574661598843	君 (NP)
1575709007735	21	9	ease_3	2.380952380952381	1575709001480	聪
1576093264309	21	35	ease_3	2.4285714285714284	1576093261341	琴
1576947705437	21	38	ease_3	2.238095238095238	1576947651598	野
1577909421191	21	20	ease_3	2.1904761904761907	1577909392838	舅
1578241460410	21	36	ease_3	2.2857142857142856	1578241357420	血
1578253429445	21	36	ease_3	2.3333333333333335	1578253267044	栋
1578253791413	21	14	ease_3	2.2857142857142856	1578253429470	柜
1578325673859	21	25	ease_3	2.4285714285714284	1578325465267	沙
1578895937357	21	18	ease_3	2.3333333333333335	1578895934842	穷
1579120666955	21	25	ease_3	2.2857142857142856	1579120655363	率
1584559402270	21	5	ease_3	2.238095238095238	1584559397635	胸
1550920147948	20	125	ease_3	2.15	1550920140713	又
1550920234248	20	176	ease_4	2.5	1550920226246	月
1550920313973	20	156	ease_3	2.15	1550920307397	语
1552221230508	20	139	ease_3	2.55	1552221178634	星
1552221965865	20	24	ease_3	2.45	1552221916564	首
1552938062413	20	106	ease_3	2.3	1552937979173	而
1552938999446	20	119	ease_2	2.5	1552938891701	同
1554032752118	20	145	ease_3	2.35	1554032658766	张
1554033567889	20	96	ease_3	2.15	1554033512783	占
1554629375913	20	84	ease_2	2.25	1554629081368	克
1554629444792	20	102	ease_3	2.55	1554629375945	辛
1556368463901	20	120	ease_3	2.4	1556368280645	见
1557951766881	20	24	ease_3	2.45	1557951579676	近
1560026309754	20	115	ease_3	2.4	1560025986806	当
1560110531429	20	82	ease_4	2.3	1560110506201	眼
1562664798615	20	57	ease_3	2.4	1562664638255	暖
1563089457571	20	89	ease_3	2.35	1563088900995	予 (NP)
1563165685531	20	84	ease_3	2.3	1563165483608	敬
1563165805328	20	76	ease_3	2.45	1563165685580	苟
1563209570589	20	45	ease_3	2.45	1563209308932	蜜
1563696341662	20	58	ease_3	2.3	1563696311301	史
1563696422898	20	93	ease_3	2.5	1563696394860	更
1563696685330	20	76	ease_3	2.35	1563696625321	觉
1563698825519	20	55	ease_3	2.4	1563698758668	民
1565813625947	20	101	ease_2	2.25	1565813600543	楼
1565813675799	20	115	ease_3	2.35	1565813650978	室
1565813823612	20	93	ease_2	2.4	1565813807655	页
1566137694056	20	97	ease_2	2.45	1566137675940	毛
1566139396782	20	49	ease_2	2.4	1566139383399	躺
1566140037188	20	41	ease_3	2.6	1566140008505	报 (right part, no pronounce)
1566140110325	20	5	ease_3	2.35	1566140091541	通
1566140186795	20	63	ease_3	2.35	1566140169239	危
1567925999453	20	45	ease_4	2.65	1567925997003	选
1569399453363	20	46	ease_3	2.4	1569399448807	厕
1569474279183	20	53	ease_4	2.65	1569474273359	狗
1570035494876	20	46	ease_3	2.65	1570035486697	聊
1570103135609	20	12	ease_3	2.55	1570103131722	蒙
1570683668528	20	17	ease_3	2.5	1570683583999	呙 (NP)
1571334288645	20	46	ease_3	2.25	1571334277209	修
1572468585918	20	31	ease_3	2.45	1572468576375	普
1575468507689	20	38	ease_2	2.25	1575468502972	价
1576824553840	20	37	ease_3	2.25	1576824546809	捉
1577604991253	20	39	ease_3	2.35	1577604945785	卷 (NP)
1577782285262	20	32	ease_3	1.9	1577782282880	NA
1577882770354	20	7	ease_3	2.25	1577882709313	解 (RP, NP)
1577901293674	20	41	ease_3	2.45	1577900849685	材
1577906491570	20	32	ease_3	2.3	1577906467722	浅
1577911203489	20	55	ease_3	2.35	1577911012171	宠
1579360867957	20	12	ease_3	2.1	1579360431673	宿
1579367084309	20	12	ease_3	2.35	1579366727374	竖
1581018573683	20	17	ease_3	2.35	1581018461667	格
1582474013150	20	10	ease_3	2.35	1582473902044	珠
1583304409486	20	8	ease_2	2.2	1583304406336	领
1584694425660	20	16	ease_3	2.35	1584694375472	淘
1585389085962	20	10	ease_3	2.2	1585389059932	拼
1585389278577	20	10	ease_3	2.1	1585389248022	预
1552220496530	19	42	ease_3	2.4210526315789473	1552220344299	母
1554031881403	19	45	ease_4	2.8421052631578947	1554031837783	年 (no story, lower part - minus cloud)
1556369674679	19	82	ease_3	2.4210526315789473	1556369609120	满
1556369793804	19	163	ease_3	2.3157894736842106	1556369674686	互
1556369940961	19	88	ease_3	2.6315789473684212	1556369865891	比
1560110421524	19	84	ease_3	2.3157894736842106	1560110381900	足
1561371787251	19	131	ease_3	2.1578947368421053	1561371745291	南 (only inner character part, no pronounce)
1561373842026	19	116	ease_3	2.3684210526315788	1561373818769	答
1562300427557	19	28	ease_3	2.3684210526315788	1562300256578	省
1562479891169	19	102	ease_2	2.3684210526315788	1562479511833	扇
1562738579218	19	106	ease_3	2.4210526315789473	1562738470658	密
1563187467506	19	54	ease_3	2.3157894736842106	1563187080667	信
1563696147582	19	91	ease_3	2.0526315789473686	1563696117053	旧
1563697289051	19	58	ease_3	2.473684210526316	1563697265511	色
1565811425134	19	95	ease_2	2.3157894736842106	1565811391709	话
1566137713439	19	65	ease_3	2.526315789473684	1566137694064	集
1566137977304	19	11	ease_3	2.4210526315789473	1566137933960	杂
1566138730000	19	96	ease_3	2.6315789473684212	1566138710810	及
1566139947673	19	52	ease_3	2.526315789473684	1566139908633	节
1566140421354	19	37	ease_2	2.5789473684210527	1566140402992	影
1567925859442	19	63	ease_3	2.4210526315789473	1567925854576	挤
1569046167296	19	61	ease_3	2.4210526315789473	1569046162490	象
1569046654928	19	70	ease_3	2.5789473684210527	1569046580864	厅
1569572778273	19	70	ease_3	2.473684210526316	1569572775799	袜
1569612879020	19	71	ease_3	2.473684210526316	1569612876054	梯
1569771554475	19	43	ease_3	2.4210526315789473	1569771550466	图
1569954348931	19	60	ease_2	2.263157894736842	1569954346467	除
1570100042729	19	7	ease_3	2.3684210526315788	1570100039853	醒
1570173891277	19	56	ease_3	2.526315789473684	1570173888787	婚
1570288669918	19	48	ease_3	2.3684210526315788	1570288666805	套
1570971836756	19	68	ease_2	2.473684210526316	1570971714230	舞 (lower, NP)
1571037570502	19	36	ease_3	2.5789473684210527	1571037511480	羔 (NP)
1571334350546	19	11	ease_3	2.3157894736842106	1571334338040	鸭
1571938242903	19	10	ease_3	2.526315789473684	1571938207546	饱
1576824718994	19	25	ease_3	2.3684210526315788	1576824553891	摇
1576871495318	19	35	ease_3	2.3157894736842106	1576871218547	拜
1576872757718	19	21	ease_3	2.3684210526315788	1576871893964	菊
1576911090651	19	40	ease_2	2.473684210526316	1576911060465	朿 (NS)
1576945662015	19	35	ease_3	2.526315789473684	1576945659120	波
1576946845562	19	50	ease_3	2.263157894736842	1576946748691	犯
1577301208819	19	6	ease_3	2.1052631578947367	1577301166931	配
1577799741666	19	15	ease_3	2.4210526315789473	1577799729627	蛇
1577900849621	19	27	ease_3	2.4210526315789473	1577900836720	竹
1578047234258	19	32	ease_3	2.3684210526315788	1578047231489	命
1578153453493	19	22	ease_3	2.3157894736842106	1578153386159	显 (NP)
1578594169795	19	26	ease_3	2.3157894736842106	1578593964088	挂
1579433501979	19	11	ease_3	2.473684210526316	1579433329657	翻
1584694332523	19	11	ease_3	2.1052631578947367	1584694312294	强
1550920187104	18	134	ease_3	2.611111111111111	1550920173226	云
1550920197393	18	98	ease_3	2.611111111111111	1550920187155	运
1554629081362	18	90	ease_3	2.5555555555555554	1554629030548	湖
1557949755730	18	103	ease_3	2.611111111111111	1557949639248	司
1557952525304	18	90	ease_3	2.6666666666666665	1557952451718	卖
1560110659593	18	89	ease_3	2.388888888888889	1560110643266	饿
1561371252741	18	66	ease_4	2.388888888888889	1561371208475	方
1561371811436	18	85	ease_3	2.5	1561371787259	南
1561373078800	18	80	ease_3	2.5	1561373044896	反
1561373481381	18	97	ease_3	2.5555555555555554	1561373455268	亮
1561373595464	18	80	ease_3	2.388888888888889	1561373564744	间
1562480183743	18	96	ease_2	2.3333333333333335	1562480050515	稀
1562661469989	18	88	ease_3	2.4444444444444446	1562661226920	欢
1562664182241	18	53	ease_3	2.6666666666666665	1562664044091	爱 (top four strokes, no pronounce)
1563697110575	18	112	ease_2	2.3333333333333335	1563697076267	气
1563698076047	18	101	ease_2	2.3333333333333335	1563698039797	社
1563698576182	18	59	ease_3	2.2777777777777777	1563698555621	组
1565811473949	18	111	ease_3	2.2777777777777777	1565811425145	适
1565813319345	18	125	ease_3	2.4444444444444446	1565813294577	术
1565813888926	18	48	ease_2	2.388888888888889	1565813870042	圆
1566138114365	18	93	ease_3	2.4444444444444446	1566138096183	才
1566139733762	18	79	ease_2	2.2222222222222223	1566139706194	咸
1566140387514	18	46	ease_3	2	1566140371708	参
1568945623562	18	80	ease_3	2.5	1568945620844	齿
1568945935053	18	81	ease_3	2.2777777777777777	1568945927725	另
1569027464879	18	86	ease_3	2.388888888888889	1569027460501	饮
1569027692197	18	60	ease_3	2.2222222222222223	1569027680431	般
1569058023493	18	45	ease_2	2.4444444444444446	1569058019893	郊
1569162207513	18	82	ease_4	2.2777777777777777	1569162204641	舍 (NP)
1569396100784	18	11	ease_3	2.5	1569396095297	虽
1570044689671	18	39	ease_3	2.5	1570044685945	居
1571289130441	18	57	ease_3	2.1666666666666665	1571288989575	曼 (NP)
1571473416321	18	45	ease_3	2.5	1571473413216	短
1571583563706	18	33	ease_3	2.4444444444444446	1571583555506	烧
1572194423543	18	33	ease_3	2.5555555555555554	1572194420319	味
1572468519379	18	22	ease_2	2.388888888888889	1572468495503	伙
1576700285763	18	15	ease_3	2.5555555555555554	1576700213426	贯 (NP)
1576947651566	18	43	ease_2	2.3333333333333335	1576946845598	神
1577909729049	18	46	ease_3	2.4444444444444446	1577909421219	养
1578318503423	18	9	ease_3	2.4444444444444446	1578318459894	蛙
1578336960656	18	30	ease_3	2.2777777777777777	1578336782818	盖
1578605358451	18	24	ease_3	2.2222222222222223	1578605148190	绑
1580294451660	18	15	ease_3	2.388888888888889	1580294448519	欺
1580365429393	18	23	ease_2	2.111111111111111	1580365247460	费
1580624084738	18	18	ease_3	2.3333333333333335	1580624081883	悲
1580635909647	18	23	ease_3	2.2222222222222223	1580635875280	涨
1581018770782	18	21	ease_3	2.2222222222222223	1581018755457	抓
1581080268410	18	15	ease_3	2.388888888888889	1581080265319	曾
1582477515453	18	7	ease_3	2.4444444444444446	1582477339898	纤
1585717653400	18	10	ease_3	2.111111111111111	1585717650930	尊
1550920244355	17	89	ease_4	2.4705882352941178	1550920239150	有
1551616139520	17	170	ease_3	2.3529411764705883	1551615954486	要
1552214543263	17	55	ease_3	2.7058823529411766	1552214444160	础
1552215143198	17	133	ease_3	2.6470588235294117	1552215041931	㝵 (no pronounce)
1552220554600	17	167	ease_3	2.2941176470588234	1552220496566	每
1554032843758	17	101	ease_3	2.588235294117647	1554032752131	本
1554629949081	17	130	ease_3	2.3529411764705883	1554629863560	看
1556368280638	17	92	ease_3	2.6470588235294117	1556368141419	右
1556369371502	17	98	ease_3	2.2941176470588234	1556369248550	两
1557950017315	17	52	ease_3	2.7058823529411766	1557949990394	典 (without legs, no story)
1557952144578	17	98	ease_3	2.5294117647058822	1557952018327	经
1560110381892	17	131	ease_3	2.5294117647058822	1560110342391	种
1561371745283	17	33	ease_3	2.5294117647058822	1561371720685	院
1561372457143	17	94	ease_3	2.4705882352941178	1561372423643	东
1562329248722	17	64	ease_3	2.5294117647058822	1562328932345	投
1562483047586	17	67	ease_3	2.411764705882353	1562482918954	腰
1562665407454	17	152	ease_3	2.411764705882353	1562665179771	把
1562665763543	17	133	ease_3	2.3529411764705883	1562665585511	爬
1562745299951	17	93	ease_3	2.411764705882353	1562745021356	照
1562746586279	17	80	ease_3	2.235294117647059	1562746375622	程
1563696028181	17	114	ease_3	2.235294117647059	1563696001222	化
1563697132671	17	63	ease_3	2.176470588235294	1563697110581	汽
1563698432439	17	65	ease_3	2.5294117647058822	1563698409822	坏
1563698465646	17	95	ease_3	2.588235294117647	1563698432446	且
1565813747532	17	120	ease_2	2.411764705882353	1565813726955	提
1565855156578	17	56	ease_3	2.588235294117647	1565855153875	原
1566137006974	17	73	ease_3	2.4705882352941178	1566136980138	始
1566137511529	17	36	ease_3	2.764705882352941	1566137497524	亥 (no story)
1566137788188	17	76	ease_3	2.411764705882353	1566137771089	路
1566138660073	17	71	ease_2	2.411764705882353	1566138638008	汤
1566139535440	17	76	ease_3	2.588235294117647	1566139512020	鱼
1568031923010	17	79	ease_3	2.0588235294117645	1568031913267	丈
1569027877443	17	80	ease_3	2.2941176470588234	1569027873907	蛋
1569027935457	17	83	ease_3	2.4705882352941178	1569027930447	妻
1569046268018	17	84	ease_3	2.3529411764705883	1569046249288	散
1569164989160	17	74	ease_3	2.588235294117647	1569164967589	邦 (NP)
1569167336100	17	31	ease_3	2.588235294117647	1569167308517	昌 (NP)
1569499369467	17	49	ease_3	2.5294117647058822	1569499344665	宛 (NP)
1569610681252	17	36	ease_2	2.176470588235294	1569610669073	瑞
1570103233021	17	46	ease_3	2.3529411764705883	1570103228525	池
1570337479518	17	16	ease_3	2.6470588235294117	1570337343070	约 (NP)
1571470150537	17	83	ease_3	2.6470588235294117	1571470046253	刍 (NP)
1572468668025	17	60	ease_3	2.1176470588235294	1572468648122	售
1574498821603	17	32	ease_3	2.5294117647058822	1574498788670	俞 (NS)
1574661700278	17	60	ease_3	2.3529411764705883	1574661658243	尹 (NS)
1576736113518	17	37	ease_3	2.411764705882353	1576736066254	武
1577089691824	17	32	ease_3	2.4705882352941178	1577089529697	努
1577724633559	17	52	ease_3	2.1176470588235294	1577724538144	段
1577908451479	17	13	ease_3	2.4705882352941178	1577908404874	韦 (NS)
1579366450275	17	6	ease_3	2.2941176470588234	1579366237272	墨
1580624624098	17	29	ease_3	2.0588235294117645	1580624569971	懒
1580926704616	17	28	ease_2	2.2941176470588234	1580926421835	误
1581961550382	17	25	ease_3	2.235294117647059	1581961521077	宁
1583653375359	17	12	ease_3	2.2941176470588234	1583653351851	军
1584303339748	17	16	ease_3	2.235294117647059	1584303294677	剔
1584647297912	17	13	ease_3	2.176470588235294	1584647282796	汁
1584985730378	17	15	ease_3	2.176470588235294	1584985717352	抱
1551543760806	16	253	ease_4	2.5625	1551543660845	去
1551616397116	16	120	ease_3	2.4375	1551616259074	从
1552215506808	16	140	ease_3	2.5625	1552215356097	以
1552221779051	16	116	ease_3	2.1875	1552221724549	何
1552222020999	16	140	ease_3	2.375	1552221965871	道
1552937886712	16	81	ease_3	2.875	1552937833831	一 on top of 口 (no pronounce)
1552939476574	16	110	ease_2	2.3125	1552939360875	想
1554032318900	16	154	ease_3	2.625	1554032196825	广
1554032406738	16	156	ease_3	2.5625	1554032318909	床
1556368857439	16	121	ease_3	2.5625	1556368798929	苦
1557951940491	16	170	ease_3	2.5	1557951865717	新
1560110556480	16	122	ease_3	2.5	1560110531457	银
1561371208469	16	133	ease_3	2.3125	1561371173139	闻
1561371669113	16	112	ease_3	2.4375	1561371638903	远
1561372749062	16	116	ease_3	2.5	1561372684723	加
1561373658409	16	137	ease_3	2.25	1561373630615	合
1562928145138	16	70	ease_3	2.5	1562927763758	枣
1563010578900	16	6	ease_3	2.375	1563010383472	夜
1563696710920	16	77	ease_3	2.25	1563696685342	定
1563697265504	16	146	ease_3	2.4375	1563697235060	全
1563697419741	16	63	ease_2	2.125	1563697396224	嘴
1563697540155	16	85	ease_3	2.375	1563697517825	写
1563697589227	16	80	ease_3	2.1875	1563697552989	号
1563698409816	16	28	ease_3	2.5	1563698391785	破
1563698873580	16	134	ease_3	2.3125	1563698850864	代
1566137321908	16	42	ease_3	2.5	1566137309334	匚 (no story)
1566137381298	16	60	ease_3	2.625	1566137359918	贵
1566137417676	16	71	ease_3	2.3125	1566137401511	束
1566137438145	16	66	ease_3	2.625	1566137417688	整 (only upper, no pronounce)
1566137531029	16	73	ease_2	2.1875	1566137511542	该
1566137826948	16	94	ease_3	2.625	1566137805586	丙 (no pronounce)
1566138063670	16	83	ease_3	2	1566138048494	责
1566138430653	16	78	ease_3	2.25	1566138374741	物
1566138710803	16	86	ease_3	2.625	1566138692353	奶
1566140545110	16	73	ease_3	2.25	1566140527194	世
1568017509930	16	63	ease_3	2.5	1568017499408	终
1569215951844	16	97	ease_2	2.5625	1569215922195	钱 (RP NS)
1569527099813	16	50	ease_3	2.625	1569527086451	码
1572468971069	16	64	ease_3	2.4375	1572468967587	萄
1572518225897	16	49	ease_3	2.4375	1572518219062	NA
1572701242067	16	83	ease_2	2.5	1572701239210	洞
1574944431385	16	41	ease_3	2.1875	1574944428504	降
1575440283191	16	18	ease_3	2.5	1575440259497	仓 (NP)
1576696063160	16	20	ease_3	2.4375	1576696057424	桌
1577258527250	16	40	ease_3	2.3125	1577258524346	于
1577306081198	16	39	ease_3	2.1875	1577305986163	标
1577884833179	16	18	ease_3	2.4375	1577884798517	NA
1578254356987	16	12	ease_3	2.375	1578254219090	匙
1578326154112	16	33	ease_3	2.4375	1578325839046	岩
1582831601774	16	18	ease_3	2.375	1582831288514	敢
1582833033811	16	24	ease_3	2.1875	1582833018623	晕
1583179234427	16	20	ease_3	2.4375	1583179204582	乱
1583314548467	16	15	ease_3	2.375	1583314545212	篇
1586930040172	16	6	ease_3	2.125	1586930035333	股
1587448300719	16	4	ease_3	2.1875	1587448293910	掰
1550920211253	15	249	ease_3	2.533333333333333	1550920205422	会
1550920345662	15	149	ease_3	2.8	1550920341499	分
1550920361661	15	60	ease_3	2.6666666666666665	1550920350603	倒
1551544230186	15	87	ease_4	2.7333333333333334	1551544149121	Horns + 一 (no pronounce)
1551615954477	15	117	ease_3	2.2666666666666666	1551615894137	西
1552214245090	15	104	ease_3	2.2666666666666666	1552214149012	样
1552937833825	15	233	ease_3	2.6666666666666665	1552937794604	厂 (with slight slope on top line, no story)
1552937930244	15	232	ease_3	2.6	1552937886726	后
1552938187073	15	116	ease_3	2.466666666666667	1552938124931	找
1554628910951	15	151	ease_3	2.466666666666667	1554628829961	故
1554630025557	15	86	ease_3	2.3333333333333335	1554629949089	讨
1554630279930	15	148	ease_3	2.7333333333333334	1554630230590	接
1557950520410	15	104	ease_2	2.2666666666666666	1557950467085	其
1557951072101	15	89	ease_3	2.6666666666666665	1557951012256	京 (only top box and lid, no pronounce)
1558986962270	15	57	ease_4	2.7333333333333334	1558986870830	城
1558987277043	15	118	ease_4	2.466666666666667	1558987211816	孝 (no pronounce)
1560110220230	15	96	ease_3	2.466666666666667	1560110152975	起
1561371342635	15	106	ease_3	2.2666666666666666	1561371314564	放
1561371407744	15	112	ease_3	2.6	1561371369786	万
1562418284957	15	79	ease_3	2.2666666666666666	1562418060014	流
1562657977828	15	68	ease_3	2.2666666666666666	1562657287067	进
1562757061271	15	87	ease_3	2.2666666666666666	1562756864762	空
1563174482811	15	75	ease_3	2.466666666666667	1563174370285	速
1563187080629	15	73	ease_3	2.3333333333333335	1563186742624	言
1563695892411	15	68	ease_3	2.2	1563695849763	应
1563696282082	15	93	ease_3	2.6	1563696251424	並 (no pronounce)
1563696311265	15	75	ease_3	2.3333333333333335	1563696282090	碰
1565813770176	15	60	ease_3	2.466666666666667	1565813747543	让
1566136980122	15	83	ease_2	2.2	1566136956478	抬
1566139786194	15	87	ease_3	2.2666666666666666	1566139767509	布
1566140402984	15	51	ease_3	2.6	1566140387525	景
1568021162134	15	50	ease_3	2.2666666666666666	1568021158373	铁
1569046222422	15	96	ease_2	2.1333333333333333	1569046201081	宾
1569474417530	15	55	ease_3	2.2	1569474405527	迎
1569772536357	15	55	ease_3	2.2666666666666666	1569772531759	跑
1569954195596	15	53	ease_4	2.6666666666666665	1569954190946	蓝
1570642288536	15	66	ease_3	2.6	1570642286204	薪
1570644182118	15	90	ease_2	2.466666666666667	1570644179774	尝
1571634176611	15	67	ease_3	2.533333333333333	1571634164000	曹 (NP)
1572169270180	15	50	ease_3	2.466666666666667	1572169140487	NA
1572344322423	15	36	ease_3	2.6	1572344197178	免 (NP)
1572980632206	15	64	ease_2	2.2	1572980626847	矮
1573383570064	15	40	ease_2	2.1333333333333333	1573383439211	黄 (middle, NP)
1575211348913	15	50	ease_2	2.466666666666667	1575211345461	灰
1576824254262	15	51	ease_3	2.2666666666666666	1576824244842	钓
1576824813597	15	81	ease_3	2.2666666666666666	1576824795349	柄
1576913914966	15	12	ease_3	2.466666666666667	1576913788436	童
1577091422792	15	62	ease_2	2.2666666666666666	1577091420224	季
1577374410319	15	28	ease_3	2.1333333333333333	1577374349779	匆
1577448150417	15	42	ease_3	2.2666666666666666	1577448147751	锻
1577448204433	15	68	ease_3	2.2666666666666666	1577448150448	炼
1577609552660	15	57	ease_2	2.533333333333333	1577609514660	恨
1577724660975	15	21	ease_4	2.6666666666666665	1577724633574	段 (LP, NS)
1577782398103	15	36	ease_3	2.1333333333333333	1577782395578	衫
1577906467674	15	36	ease_3	2.2	1577906434018	橙
1577988765447	15	31	ease_2	2.4	1577988484098	刷
1579362057226	15	31	ease_3	2.4	1579361821397	福
1579367276571	15	23	ease_3	2.4	1579367084323	挺
1580279015558	15	19	ease_3	2.466666666666667	1580279009745	廷 (NP)
1580636481645	15	22	ease_3	2.4	1580636476020	哟
1582204770936	15	22	ease_3	2.3333333333333335	1582204768340	臭
1582656076905	15	13	ease_3	2.3333333333333335	1582655944312	冘 (NP)
1583230236245	15	18	ease_3	2.2	1583230200432	详
1584216850372	15	14	ease_3	2.4	1584216846823	删
1585389016351	15	19	ease_3	2.2	1585388988677	财
1550765343854	14	260	ease_3	2.642857142857143	1550765291170	儿
1550920098094	14	145	ease_4	2.642857142857143	1550920094218	马
1550920226213	14	132	ease_3	2.357142857142857	1550920221770	国
1550920239107	14	276	ease_3	2.642857142857143	1550920234307	朋
1550920328974	14	216	ease_3	2.7142857142857144	1550920324299	名
1551543437435	14	174	ease_4	2.5714285714285716	1551543325180	学
1551544149090	14	196	ease_4	2.5714285714285716	1551544042224	千
1551615415251	14	165	ease_3	2.5714285714285716	1551615274917	咱
1551616812271	14	42	ease_3	2.7142857142857144	1551616730686	谢
1552214648041	14	190	ease_3	2.5	1552214543271	岁
1552214805294	14	269	ease_3	2.357142857142857	1552214681923	但
1552220605072	14	118	ease_3	2.357142857142857	1552220554607	海
1552220711733	14	146	ease_3	2.7142857142857144	1552220686422	用
1552221178628	14	180	ease_3	2.357142857142857	1552221115944	姓
1552221916551	14	127	ease_3	2.357142857142857	1552221840464	啊
1552939203800	14	221	ease_2	2.2857142857142856	1552939102484	必
1554033129792	14	113	ease_3	2.357142857142857	1554033025122	立
1554033357545	14	113	ease_3	2.7857142857142856	1554033291774	啦
1554628986118	14	116	ease_3	2.5714285714285716	1554628910960	姑
1556368141412	14	86	ease_3	2.7142857142857144	1556368054104	座
1556369465032	14	124	ease_2	2.4285714285714284	1556369371508	辆
1558987172388	14	134	ease_2	2.7142857142857144	1558987104783	猪
1558987321085	14	103	ease_3	2.2857142857142856	1558987277051	教
1560026509589	14	57	ease_3	2.7142857142857144	1560026350207	尼 (no pronounce)
1560109738631	14	85	ease_2	2.357142857142857	1560109653736	所
1560110152967	14	115	ease_3	2.357142857142857	1560110067338	走
1561371173114	14	103	ease_3	2.2142857142857144	1561371072040	问
1561372541811	14	95	ease_3	2.4285714285714284	1561372517883	算
1561372570667	14	75	ease_2	2.642857142857143	1561372541817	第 (lower part only, no story)
1561372782022	14	84	ease_2	2.2142857142857144	1561372749070	驾
1561373330816	14	161	ease_2	2.357142857142857	1561373294937	情
1561373420792	14	138	ease_3	2.2857142857142856	1561373394422	精
1561373564710	14	92	ease_3	2.2857142857142856	1561373536915	单
1563166012648	14	66	ease_3	2.2142857142857144	1563165805379	察
1563326142693	14	80	ease_3	2.357142857142857	1563325940134	呈 (NP)
1563696540584	14	117	ease_3	2.7142857142857144	1563696523961	夬 (no story)
1563697695583	14	154	ease_2	2.357142857142857	1563697674603	市
1563698594986	14	136	ease_2	2.142857142857143	1563698576189	宜
1563698758660	14	137	ease_3	2.357142857142857	1563698726146	笔
1566137995083	14	72	ease_3	2.4285714285714284	1566137977328	怎
1566139412853	14	66	ease_3	2.4285714285714284	1566139396789	堂
1566139512010	14	74	ease_3	2.357142857142857	1566139494159	备
1566140595156	14	68	ease_2	2.142857142857143	1566140579968	界
1569027569593	14	59	ease_3	2.357142857142857	1569027564704	战
1569074729572	14	46	ease_2	2.5	1569074726268	嘛
1569396046488	14	43	ease_4	2.5	1569396040833	宛 (NP lower part)
1569396134414	14	48	ease_3	2.2142857142857144	1569396117331	游
1569499522097	14	123	ease_3	2.357142857142857	1569499487248	斿 (NP)
1569527086419	14	55	ease_3	2.5	1569527075601	拨
1570044715597	14	72	ease_3	2.642857142857143	1570044701192	超
1570099989047	14	92	ease_3	2.4285714285714284	1570099986041	搬
1570103118755	14	57	ease_3	2.357142857142857	1570103112083	式
1570641950378	14	58	ease_3	2.2857142857142856	1570641941118	旅
1571288527279	14	53	ease_4	2.9285714285714284	1571288504134	龹 (NS)
1571321369638	14	39	ease_3	2.2857142857142856	1571321362751	休
1572468691856	14	50	ease_3	2.142857142857143	1572468680188	靠
1572468706253	14	45	ease_3	2.2857142857142856	1572468691886	练
1572769808912	14	44	ease_3	2.4285714285714284	1572769805809	绿
1573240633658	14	41	ease_3	2.5714285714285716	1573240625908	冬
1574503526275	14	49	ease_3	2.5714285714285716	1574503521036	待
1575196665422	14	45	ease_3	2.4285714285714284	1575196651359	附
1576946309165	14	52	ease_3	2.7142857142857144	1576946263650	粉
1577305986136	14	49	ease_3	2.5714285714285716	1577305951577	NA
1577901662519	14	57	ease_3	2.357142857142857	1577901478195	鼻
1578135621034	14	25	ease_3	2.4285714285714284	1578135558903	尺 (NS)
1578512539121	14	39	ease_3	2.2142857142857144	1578512237452	吓
1578895966158	14	19	ease_3	2.5	1578895954585	匹
1579331362200	14	23	ease_3	2.5714285714285716	1579331359139	玄 (NS)
1579437007569	14	28	ease_3	2.142857142857143	1579436867972	枉
1579459828704	14	21	ease_2	2.4285714285714284	1579459809313	畐 (NS)
1580636475992	14	10	ease_3	2.4285714285714284	1580636464801	鹅
1581113457591	14	17	ease_3	2.357142857142857	1581113448173	奋
1582092615910	14	26	ease_3	2.2857142857142856	1582092464568	昷 (NP)
1583304498592	14	10	ease_3	2.2857142857142856	1583304495349	案
1583653716591	14	19	ease_2	2.0714285714285716	1583653694535	奉 (NP)
1585388885834	14	14	ease_3	2.0714285714285716	1585388825893	熟
1586365933646	14	3	ease_3	2.0714285714285716	1586365927071	凉
1587363197172	14	6	ease_3	2.0714285714285716	1587363194161	置
1550919967634	13	184	ease_3	2.6153846153846154	1550919910744	七
1550920075456	13	153	ease_3	2.3846153846153846	1550920067839	边
1550920140664	13	33	ease_3	3	1550920128749	尔
1550920341448	13	114	ease_3	2.923076923076923	1550920333760	刀
1551542232168	13	69	ease_3	2.769230769230769	1551542142849	明
1551543162932	13	38	ease_4	2.769230769230769	1551543108487	冖 (No story)
1551543660838	13	124	ease_3	2.5384615384615383	1551543597071	开
1551544305860	13	64	ease_3	2.8461538461538463	1551544230193	刖 (no pronounce)
1551544410501	13	115	ease_3	2.4615384615384617	1551544305868	前
1551615894128	13	92	ease_3	2.769230769230769	1551615820120	哪
1551616553638	13	146	ease_3	2.5384615384615383	1551616512619	时
1552162267515	13	228	ease_3	2.4615384615384617	1552161073247	山
1552214379029	13	199	ease_4	2.6153846153846154	1552214308982	出
1552938838948	13	125	ease_4	2.5384615384615383	1552938772841	电
1552939360870	13	107	ease_2	2.4615384615384617	1552939203806	相
1554628225080	13	106	ease_3	2.4615384615384617	1554627722250	果
1554629700650	13	91	ease_3	2.4615384615384617	1554629638220	卡
1556367367221	13	96	ease_3	2.5384615384615383	1556367198180	昨
1557951110803	13	80	ease_4	2.769230769230769	1557951072136	京
1557951529994	13	146	ease_3	2.6153846153846154	1557951110815	就
1557952596120	13	119	ease_3	2.3846153846153846	1557952525336	读
1557952726654	13	77	ease_4	2.769230769230769	1557952596127	实
1558986830144	13	194	ease_3	2.769230769230769	1558986788856	戊 (no pronounce)
1560109653712	13	172	ease_3	2.3846153846153846	1560109533047	户
1561371484071	13	98	ease_3	2.3846153846153846	1561371455478	住
1561373100177	13	105	ease_3	2.3076923076923075	1561373078820	饭
1561373700289	13	96	ease_3	2.3076923076923075	1561373658416	拿
1561373778221	13	11	ease_3	2.6153846153846154	1561373741538	哈
1562479002321	13	126	ease_3	2.769230769230769	1562478675438	棉
1562665585468	13	80	ease_3	2.5384615384615383	1562665407503	爸
1562738806965	13	109	ease_3	2.3076923076923075	1562738638126	彩
1562932770603	13	33	ease_3	2.6923076923076925	1562932568716	签
1562933159712	13	72	ease_3	2.769230769230769	1562932770653	证
1563192711825	13	104	ease_3	2.4615384615384617	1563192549880	交
1563193540652	13	78	ease_3	2.3846153846153846	1563193213046	校
1563193923007	13	73	ease_3	2.3846153846153846	1563193750362	件
1563695979316	13	94	ease_3	2.3846153846153846	1563695937087	向
1563696089502	13	104	ease_3	2.3076923076923075	1563696028188	花
1563696569907	13	66	ease_4	2.6153846153846154	1563696540591	块
1563696591000	13	152	ease_3	2.4615384615384617	1563696569916	快
1563696784087	13	111	ease_3	2.3846153846153846	1563696765426	懂
1563697444860	13	76	ease_4	2.5384615384615383	1563697419748	最
1563697494971	13	86	ease_3	2.3076923076923075	1563697475120	谈
1563698486164	13	135	ease_3	2.3846153846153846	1563698465678	姐
1566138573069	13	57	ease_3	2.6153846153846154	1566138430663	易
1566138692347	13	144	ease_3	2.6153846153846154	1566138681888	乃 (no story)
1566139799589	13	114	ease_2	2.4615384615384617	1566139786204	希
1566140091530	13	76	ease_3	2.6923076923076925	1566140071444	甬 (no pronounce)
1566140231183	13	99	ease_3	2.6153846153846154	1566140205232	亡 (without lid, no story)
1566140443401	13	17	ease_3	2.6153846153846154	1566140421362	匃 (no pronounce)
1566140514556	13	109	ease_2	2.3076923076923075	1566140497829	继 (right part, no pronounce)
1568009581105	13	68	ease_2	2.3076923076923075	1568009570355	尖
1568021332620	13	76	ease_3	2.3076923076923075	1568021330311	恐
1569046580830	13	119	ease_3	2.6153846153846154	1569046573527	越
1569087138786	13	63	ease_3	2.3076923076923075	1569087131816	唱
1569399332748	13	77	ease_3	2.3846153846153846	1569399329631	错
1569560280554	13	96	ease_2	2.5384615384615383	1569560276112	瓜
1569829568368	13	64	ease_3	2.5384615384615383	1569829563650	辣
1569866645213	13	111	ease_3	2.769230769230769	1569866616181	离 (upper, NP)
1570044675338	13	87	ease_3	2.6153846153846154	1570044669044	林
1570173718033	13	54	ease_3	2.3846153846153846	1570173714914	戏
1570283650294	13	108	ease_3	2.5384615384615383	1570283644934	鞋
1570970099059	13	68	ease_3	2.1538461538461537	1570970002217	旅 (RP, lower, NS)
1571334140412	13	58	ease_3	2.230769230769231	1571334123617	急
1571334260591	13	117	ease_2	2.230769230769231	1571334231316	够
1571938178276	13	48	ease_3	2.5384615384615383	1571938172287	NA
1571940521284	13	78	ease_3	2.4615384615384617	1571940514683	NA
1572160082448	13	75	ease_3	2.5384615384615383	1572160012701	彦 (NP)
1572197218780	13	68	ease_2	2.6153846153846154	1572197004484	包
1572468967521	13	57	ease_3	2.5384615384615383	1572468963535	葡
1572858555576	13	12	ease_3	2.6153846153846154	1572858550107	木
1574164749770	13	73	ease_3	2.4615384615384617	1574164747018	箱
1574187018385	13	51	ease_3	2.3846153846153846	1574187013656	NA
1575189412696	13	37	ease_2	2.6923076923076925	1575189318167	扁 (NP)
1575535467721	13	76	ease_3	2.3846153846153846	1575535391755	楚
1576871218494	13	51	ease_3	2.4615384615384617	1576871215745	灵
1577304110976	13	32	ease_2	2.3846153846153846	1577304011321	卫
1577308064042	13	63	ease_3	2.3846153846153846	1577308056875	帽
1578151757954	13	45	ease_2	2.3076923076923075	1578151700770	乔 (NP)
1578153383082	13	39	ease_3	2.4615384615384617	1578153238072	湿
1578217728121	13	36	ease_2	2.3076923076923075	1578217604567	厌
1578254219059	13	43	ease_2	2.1538461538461537	1578253791449	钥
1578326527733	13	48	ease_3	2.3846153846153846	1578326154141	丘 (NS)
1578599750865	13	30	ease_3	2.1538461538461537	1578599561263	播
1579365484921	13	24	ease_3	2.4615384615384617	1579365334438	吸
1579365974451	13	36	ease_3	2.1538461538461537	1579365823225	烦
1580624673076	13	31	ease_2	2	1580624640769	赖 (NP)
1582474065301	13	31	ease_2	2.230769230769231	1582474013185	膏
1583304698402	13	22	ease_3	2.230769230769231	1583304695613	丝
1586090415738	13	10	ease_3	2.3076923076923075	1586090393171	赚
1587621725553	13	9	ease_3	1.9230769230769231	1587621718315	罚
1587706838448	13	7	ease_2	1.9230769230769231	1587706833591	冠
1550920117140	12	159	ease_3	2.6666666666666665	1550920110122	大
1550920128710	12	116	ease_3	2.4166666666666665	1550920121992	夫
1550920205370	12	115	ease_3	2.5	1550920197431	动
1550920293426	12	173	ease_3	2.4166666666666665	1550920275197	说
1550920324263	12	219	ease_4	2.6666666666666665	1550920320379	多
1551615274909	12	167	ease_3	2.4166666666666665	1551615206857	自
1551615507923	12	173	ease_3	2.8333333333333335	1551615415259	阝(no story)
1551615820083	12	129	ease_3	2.4166666666666665	1551615766174	那
1552215791885	12	74	ease_3	2.8333333333333335	1552215698380	丿(no story, part of 午)
1552216050194	12	105	ease_3	2.4166666666666665	1552215998768	午
1552220789108	12	135	ease_3	2.4166666666666665	1552220711741	半
1552221496711	12	119	ease_3	2.75	1552221433720	告
1552938674971	12	130	ease_4	2.8333333333333335	1552938579649	里
1552939691676	12	201	ease_3	2.5833333333333335	1552939596314	今
1554033025097	12	144	ease_4	2.5833333333333335	1554032934447	书
1554033427087	12	81	ease_4	2.9166666666666665	1554033357551	火
1554033817116	12	134	ease_3	2.6666666666666665	1554033680210	点
1556369609110	12	120	ease_3	2.5	1556369554367	满 (no pronounce, without water radical)
1557950172495	12	108	ease_3	2.5	1557950017323	典
1558986992639	12	65	ease_3	2.4166666666666665	1558986962281	者 (upper part only, no pronounce)
1558987211809	12	146	ease_3	2.8333333333333335	1558987172395	老
1560026766654	12	119	ease_3	2.5833333333333335	1560026509628	呢
1560110461244	12	196	ease_3	2.75	1560110437132	很
1560110483853	12	94	ease_3	2.5	1560110461254	根
1561371720676	12	86	ease_3	2.3333333333333335	1561371694031	完
1561371951498	12	77	ease_3	2.3333333333333335	1561371922485	平
1561372226632	12	78	ease_3	2.3333333333333335	1561372196036	些
1561372825032	12	106	ease_3	2.4166666666666665	1561372782031	咖
1561372850381	12	125	ease_3	2.5	1561372825039	非
1561373154462	12	80	ease_3	2.5	1561373129656	米
1561373197843	12	84	ease_3	2.6666666666666665	1561373154470	青
1563209290790	12	80	ease_3	2.6666666666666665	1563209116163	芽
1563696228503	12	90	ease_3	2.4166666666666665	1563696147590	业
1563696851656	12	76	ease_3	2.5	1563696821964	睡
1563698534705	12	108	ease_3	2.25	1563698511437	租
1566136928021	12	85	ease_3	2.5	1566136636823	台
1566137639247	12	129	ease_3	2.5833333333333335	1566137613478	谁
1566137864746	12	96	ease_2	2.4166666666666665	1566137844287	病
1566138638001	12	64	ease_3	2.4166666666666665	1566138616867	场
1566139339572	12	123	ease_3	2.5	1566139310012	周
1566139428985	12	117	ease_3	2.75	1566139412863	常
1567925958167	12	86	ease_3	2.5833333333333335	1567925955611	港
1569027730951	12	91	ease_2	2.25	1569027725089	境
1569027906366	12	89	ease_2	2.3333333333333335	1569027902153	担
1569741190936	12	50	ease_3	2.3333333333333335	1569741186584	离
1569770591456	12	61	ease_3	2.3333333333333335	1569770584441	街
1569780820789	12	52	ease_2	2.3333333333333335	1569780806640	章
1569866616155	12	99	ease_3	2.5	1569866571213	凶 (NP)
1569905701853	12	52	ease_3	2.6666666666666665	1569905663979	巷 (NP)
1570100055012	12	96	ease_3	2.4166666666666665	1570100051084	秋
1570509832792	12	52	ease_4	2.8333333333333335	1570509705998	药
1570695882105	12	75	ease_2	2.6666666666666665	1570695866512	卯 (NS)
1570891296521	12	72	ease_3	2.4166666666666665	1570891288049	舞
1571475189052	12	75	ease_3	2.4166666666666665	1571475186538	冒
1572156415764	12	3	ease_3	2.6666666666666665	1572156350639	NA
1572468312691	12	81	ease_3	2.5	1572468307570	考
1573106334898	12	53	ease_2	2.3333333333333335	1573106331388	兼 (NP)
1573625310337	12	59	ease_3	2.6666666666666665	1573625266356	春 (top, NS)
1573994188161	12	40	ease_3	2.5833333333333335	1573994174460	啬 (NP)
1576044362520	12	50	ease_3	2.5833333333333335	1576044356828	炒
1576617218466	12	65	ease_2	2.5	1576617194639	逃
1576870861205	12	46	ease_3	2.5	1576870858193	研
1577301260171	12	51	ease_3	2.3333333333333335	1577301208854	纹
1577304002873	12	23	ease_3	2.6666666666666665	1577301260234	威
1577801955835	12	45	ease_3	2.5	1577799912729	蔬
1578148758715	12	42	ease_3	2.25	1578148754558	蕉
1578327148184	12	68	ease_3	2.5833333333333335	1578326527768	顶
1578550245984	12	28	ease_3	2.5	1578550059678	缚
1579361821361	12	36	ease_3	2.1666666666666665	1579361692812	封
1586325567156	12	12	ease_3	2.0833333333333335	1586325562459	姿
1586930494055	12	9	ease_3	2.0833333333333335	1586930491189	析
1587448305819	12	3	ease_3	2.25	1587448300749	弯
1587449593682	12	5	ease_3	2.1666666666666665	1587449590591	获
1588312247486	12	4	ease_2	1.8333333333333333	1588312244512	哲
1550918501601	11	123	ease_4	2.909090909090909	1550918468189	几
1550920094176	11	138	ease_3	2.727272727272727	1550920090291	下
1551542494541	11	86	ease_4	2.6363636363636362	1551542370138	另 (no pronounce)
1551543491811	11	192	ease_4	2.727272727272727	1551543437467	车
1551543818688	11	147	ease_3	2.5454545454545454	1551543760835	法
1551615077354	11	215	ease_3	2.5454545454545454	1551615024388	安
1552160936615	11	198	ease_2	2.909090909090909	1552160871933	豕 (no story)
1552161073199	11	187	ease_3	2.6363636363636362	1552160936665	家
1552220927504	11	75	ease_4	3	1552220837957	生 (without label, no story)
1552221724542	11	173	ease_2	2.3636363636363638	1552221684809	河
1552222109169	11	153	ease_3	2.4545454545454546	1552222021009	发
1554032196789	11	149	ease_4	2.727272727272727	1554032093056	没
1554628787073	11	138	ease_3	2.6363636363636362	1554628734963	政
1554630136170	11	158	ease_3	2.6363636363636362	1554630025591	回
1556368054075	11	96	ease_3	2.4545454545454546	1556367888165	坐
1556368593323	11	193	ease_3	2.6363636363636362	1556368463950	现
1556369248542	11	122	ease_4	2.6363636363636362	1556369100699	肉
1557951865682	11	149	ease_4	2.727272727272727	1557951766889	听
1557952263746	11	68	ease_4	3.090909090909091	1557952223776	头 (only spots, no pronounce)
1558986732427	11	105	ease_3	2.4545454545454546	1558986676701	音
1561371455471	11	150	ease_3	2.5454545454545454	1561371407754	主
1561371609964	11	79	ease_4	2.727272727272727	1561371578110	元
1561371638892	11	116	ease_4	2.727272727272727	1561371609974	园
1561372104961	11	161	ease_3	2.5454545454545454	1561372064340	事 (lower part only, no story)
1561372135950	11	163	ease_3	2.727272727272727	1561372104982	事
1561372619822	11	123	ease_2	2.5454545454545454	1561372591797	弟
1561373536908	11	184	ease_3	2.6363636363636362	1561373518938	停
1562505113364	11	123	ease_3	2.4545454545454546	1562504862325	护
1562661060247	11	92	ease_3	2.4545454545454546	1562658702265	次
1562664335397	11	95	ease_2	2.272727272727273	1562664182315	爱 (top six strokes, no pronounce)
1562664975405	11	176	ease_2	2.6363636363636362	1562664798660	父
1562665179731	11	138	ease_3	2.5454545454545454	1562665027709	吧
1563010239008	11	71	ease_4	2.5454545454545454	1563010114956	烤
1563165483569	11	75	ease_3	2.3636363636363638	1563165351191	警
1563166232549	11	143	ease_3	2.6363636363636362	1563166089001	景
1563185791629	11	79	ease_3	2.4545454545454546	1563185541727	送
1563695937079	11	56	ease_4	2.8181818181818183	1563695892420	向 (minus droplet, no pronounce)
1563696523951	11	98	ease_3	2.5454545454545454	1563696496743	英
1563697195145	11	101	ease_3	2.5454545454545454	1563697176705	艺
1563697216167	11	4	ease_4	2.272727272727273	1563697195154	乞
1563697963823	11	148	ease_2	2.3636363636363638	1563697854454	示
1563698251279	11	71	ease_3	2.727272727272727	1563698222137	衣
1563698391779	11	72	ease_3	2.4545454545454546	1563698369496	被
1565813574282	11	65	ease_3	2.727272727272727	1565813537137	数 (left part only, no pronounce)
1565813650963	11	114	ease_3	2.4545454545454546	1565813625964	层
1565813870029	11	143	ease_3	2.5454545454545454	1565813845531	员
1566138596882	11	62	ease_3	2.4545454545454546	1566138573118	踢
1566139282794	11	121	ease_3	2.6363636363636362	1566139143899	喜
1566139310006	11	90	ease_2	2.3636363636363638	1566139282828	周 (inner part, no pronounce)
1566139494149	11	142	ease_2	2.4545454545454546	1566139473631	务
1567926014300	11	59	ease_3	2.5454545454545454	1567926011914	油
1569027191889	11	59	ease_3	2.5454545454545454	1569027035486	骑
1569046228610	11	60	ease_3	2.272727272727273	1569046222461	馆
1569087164679	11	64	ease_3	2.4545454545454546	1569087151199	害
1569474367280	11	59	ease_3	2.3636363636363638	1569474362998	菜
1569527359706	11	68	ease_3	2.4545454545454546	1569527349545	糟
1569610538802	11	119	ease_3	2.6363636363636362	1569610533407	忆
1569654108259	11	122	ease_2	2.4545454545454546	1569653992163	赛 (without shell, NP)
1569769958329	11	77	ease_3	2.6363636363636362	1569769954348	胖
1569906505079	11	101	ease_3	2.3636363636363638	1569906491960	耑 (NP)
1570288435049	11	81	ease_2	2.4545454545454546	1570288430896	NA
1570336022734	11	66	ease_3	2.5454545454545454	1570336019849	囱 (NS)
1570642390622	11	73	ease_2	2.3636363636363638	1570642386798	掉
1570644951990	11	61	ease_2	2.272727272727273	1570644949070	怪
1571201963868	11	64	ease_3	2.6363636363636362	1571201956450	王
1571334024364	11	53	ease_3	2.5454545454545454	1571334017261	刚
1571335054192	11	65	ease_3	2.4545454545454546	1571335046610	奇
1571335236012	11	114	ease_3	2.4545454545454546	1571335228916	像
1571763931487	11	106	ease_3	2.4545454545454546	1571763919742	扫
1571769167565	11	70	ease_3	2.8181818181818183	1571769136613	冒 (upper, NS)
1572206559022	11	47	ease_3	2.6363636363636362	1572206550598	转
1572468488186	11	84	ease_2	2.3636363636363638	1572468463540	受
1572892298565	11	47	ease_3	2.6363636363636362	1572892291847	零
1573453372589	11	59	ease_2	2.4545454545454546	1573453366209	匋 (NP)
1573498619634	11	46	ease_3	2.3636363636363638	1573498613207	脸
1574594009838	11	50	ease_3	2.272727272727273	1574594007083	裙
1575189457991	11	59	ease_3	2.8181818181818183	1575189412830	扁 (LOWER, NS)
1575213287369	11	45	ease_3	2.727272727272727	1575213277999	柿
1575824390223	11	44	ease_3	2.4545454545454546	1575824327842	架
1576656819728	11	40	ease_3	2.4545454545454546	1576656785716	魏
1576824825156	11	95	ease_3	2.5454545454545454	1576824813621	刺
1576948011751	11	41	ease_3	2.4545454545454546	1576947886213	光
1577258585921	11	47	ease_2	2.272727272727273	1577258568919	葱
1577701673270	11	51	ease_3	2.6363636363636362	1577701646944	鲜
1577781759756	11	20	ease_3	2.6363636363636362	1577781656645	禺 (NP)
1578151945269	11	42	ease_3	2.727272727272727	1578151888579	NA
1578327988796	11	51	ease_3	2.272727272727273	1578327148219	厚
1578512237417	11	42	ease_3	2.3636363636363638	1578512087871	迷
1580327739048	11	28	ease_3	2.4545454545454546	1580327726689	亢 (NP)
1583304740316	11	28	ease_3	2.272727272727273	1583304737201	绒
1584304226989	11	28	ease_2	2.3636363636363638	1584304155967	麦
1585668921460	11	4	ease_3	2.3636363636363638	1585668918432	罩
1587448009703	11	5	ease_3	2.090909090909091	1587448002711	模
1588312355025	11	5	ease_2	1.8181818181818181	1588312352120	辞
1588966826363	11	2	ease_3	1.7272727272727273	1588966429733	怨
1550919414198	10	264	ease_4	2.8	1550919355398	门
1550920090253	10	297	ease_4	2.9	1550920083503	上
1550920261818	10	297	ease_3	3	1550920256833	来
1550920350569	10	38	ease_3	2.4	1550920345696	至
1551542746633	10	201	ease_2	2.5	1551542673973	如
1551615659883	10	180	ease_3	2.8	1551615612635	阴
1551616618315	10	172	ease_3	2.6	1551616553646	过
1552215356090	10	117	ease_3	2.5	1552215310465	公
1552221840454	10	131	ease_3	2.6	1552221779084	阿
1552939102454	10	177	ease_3	2.9	1552938999452	心
1554032093049	10	152	ease_3	2.8	1554032002737	殳 (no pronounce)
1554033291745	10	211	ease_3	2.8	1554033208483	拉
1554033658656	10	210	ease_3	2.6	1554033567896	站
1554629516983	10	158	ease_3	2.6	1554629444803	亲
1557950367135	10	146	ease_4	2.6	1557950172504	红
1557951579665	10	124	ease_3	2.7	1557951530049	斤
1560110342382	10	106	ease_3	2.6	1560110285057	钟
1561371694000	10	98	ease_3	2.5	1561371669121	玩
1561372165093	10	64	ease_4	2.7	1561372135957	面
1561372893668	10	84	ease_4	2.7	1561372850389	啡
1561373630608	10	135	ease_3	2.6	1561373595472	简
1561373818760	10	99	ease_4	2.7	1561373778231	给
1563010075535	10	140	ease_3	2.5	1563009807178	永
1563014080852	10	72	ease_3	2.5	1563013934149	烫
1563016861430	10	88	ease_3	2.5	1563014080900	区
1563185541681	10	75	ease_3	2.5	1563185280147	关
1563187721595	10	143	ease_3	2.6	1563187467528	少
1563697076260	10	71	ease_3	2.5	1563697056921	飞
1565813356445	10	81	ease_3	2.3	1565813319356	支
1565813436317	10	144	ease_3	2.8	1565813403563	等
1566137592075	10	75	ease_3	2.4	1566137570427	刻
1566139750055	10	86	ease_3	2.7	1566139733770	感
1569046194415	10	69	ease_3	2.4	1569046167343	李
1569523265853	10	96	ease_3	2.9	1569523168187	斿 (NP)
1569572865616	10	75	ease_3	2.6	1569572845123	椒
1569612902793	10	63	ease_3	2.6	1569612898454	敏
1569737881233	10	110	ease_3	2.6	1569737876351	龙
1569954225356	10	72	ease_3	2.3	1569954219012	兴
1571334325528	10	53	ease_3	2.5	1571334308788	保
1571554722781	10	81	ease_3	2.5	1571554717048	双
1571857229155	10	17	ease_4	2.4	1571857209311	尧 (top, NS)
1572009939978	10	63	ease_3	2.6	1572009932705	NA
1572468760426	10	86	ease_3	2.6	1572468746180	赶
1572468853133	10	56	ease_3	2.6	1572468831991	仁
1572700937089	10	41	ease_3	2.5	1572700931214	NA
1573890580210	10	43	ease_3	2.5	1573890577101	篮
1574402439390	10	74	ease_2	2.8	1574402398311	哭 (upper, NP)
1575707670830	10	42	ease_3	2.6	1575707661204	击
1576331494303	10	43	ease_3	2.5	1576331488415	NA
1576946263603	10	81	ease_3	2.7	1576945850161	毒
1576946748674	10	47	ease_3	2.4	1576946746104	尾
1577902022873	10	55	ease_3	2.5	1577901662536	狮
1578060638737	10	47	ease_3	2.4	1578060626956	NA
1578512087845	10	44	ease_3	2.4	1578512003360	雾
1578895954561	10	48	ease_3	2.4	1578895937382	独
1579362699028	10	60	ease_3	2.4	1579362404438	存
1581448403916	10	34	ease_3	2.4	1581448397028	淇
1582924034018	10	39	ease_2	2.4	1582923993649	植
1584734889317	10	14	ease_3	2.3	1584734872902	洲
1585388781100	10	24	ease_2	2.3	1585388502984	严
1586197410338	10	9	ease_3	2.5	1586197407339	厉
1586930035297	10	9	ease_3	2.3	1586930030853	屁
1588740213655	10	2	ease_3	1.9	1588740208408	疑
1550765217019	9	143	ease_3	2.7777777777777777	1550765159249	四
1550920062114	9	149	ease_3	2.5555555555555554	1550920052209	六
1550920121941	9	169	ease_4	2.888888888888889	1550920117187	太
1550920307366	9	303	ease_3	2.7777777777777777	1550920293450	吾 (no pronounce)
1551543325171	9	84	ease_4	2.6666666666666665	1551543211693	''' + 冖 (no pronounce)
1551615144625	9	164	ease_3	2.7777777777777777	1551615077361	字
1552426665725	9	119	ease_3	2.7777777777777777	1552426509356	到
1552938276071	9	162	ease_3	2.888888888888889	1552938187085	打
1552938507229	9	248	ease_3	2.888888888888889	1552938491627	田 (no story)
1552938579640	9	93	ease_3	2.5555555555555554	1552938507235	男
1554032002730	9	112	ease_3	2.7777777777777777	1554031881440	年
1554033512773	9	203	ease_3	2.7777777777777777	1554033427093	灯
1554033922667	9	72	ease_4	2.7777777777777777	1554033817129	店
1556368784305	9	104	ease_3	2.6666666666666665	1556368689416	再
1557952451706	9	140	ease_3	2.6666666666666665	1557952371440	买
1560110506194	9	86	ease_3	2.6666666666666665	1560110483862	跟
1561372381755	9	126	ease_3	2.7777777777777777	1561372360620	北
1561373222233	9	83	ease_4	2.6666666666666665	1561373197852	请
1561373394415	9	83	ease_3	2.6666666666666665	1561373330822	睛
1562479429196	9	130	ease_3	2.7777777777777777	1562479117040	茄
1562483436454	9	14	ease_2	2.111111111111111	1562483169182	度
1562656816396	9	129	ease_3	2.6666666666666665	1562656774977	卑 (no story)
1563695756268	9	120	ease_3	2.6666666666666665	1563695690921	哥
1565813484927	9	93	ease_3	2.6666666666666665	1565813462977	特
1565813537127	9	68	ease_3	2.4444444444444446	1565813514014	风
1565813845519	9	81	ease_3	2.5555555555555554	1565813823626	题
1565813954209	9	104	ease_3	2.7777777777777777	1565813929155	台
1566137340295	9	110	ease_3	2.6666666666666665	1566137321920	医
1566138155126	9	103	ease_2	2.5555555555555554	1566138135450	因
1566140250047	9	117	ease_2	2.5555555555555554	1566140231214	亡 (no pronounce)
1566140323229	9	74	ease_3	2.6666666666666665	1566140307600	望
1567925918925	9	72	ease_3	2.5555555555555554	1567925913218	丑
1569087301087	9	104	ease_4	2.7777777777777777	1569087295501	钱
1569474758634	9	74	ease_2	2.4444444444444446	1569474753941	宝
1569591827805	9	75	ease_3	2.7777777777777777	1569591822164	伞
1569686362987	9	58	ease_3	2.5555555555555554	1569686351766	笑
1569905532636	9	91	ease_3	2.7777777777777777	1569905436567	则 (NP)
1570099860644	9	104	ease_3	2.6666666666666665	1570099857896	牙
1570131006378	9	90	ease_3	2.6666666666666665	1570131001100	甜
1571068806353	9	98	ease_3	2.6666666666666665	1571068801505	慢
1571075897505	9	93	ease_3	2.6666666666666665	1571075688413	夏
1571335128161	9	75	ease_3	2.6666666666666665	1571335123388	梦
1571583667181	9	91	ease_3	2.6666666666666665	1571583659573	叔
1572412962596	9	82	ease_3	2.6666666666666665	1572412956150	美
1572701389174	9	54	ease_3	2.6666666666666665	1572701386576	餐
1572763774153	9	54	ease_3	2.5555555555555554	1572763763348	NA
1572861935179	9	41	ease_3	2.4444444444444446	1572861932408	镸 (NS)
1573549120146	9	86	ease_2	2.5555555555555554	1573549114952	NA
1573658041754	9	88	ease_3	2.5555555555555554	1573657941610	斥 (NP)
1574499499203	9	53	ease_3	2.5555555555555554	1574499496000	NA
1575007356309	9	39	ease_3	2.5555555555555554	1575007353458	夅 (NP)
1576656680321	9	57	ease_2	2.4444444444444446	1576656669615	隆
1576656959534	9	50	ease_2	2.4444444444444446	1576656819771	雅
1576856059555	9	42	ease_3	2.5555555555555554	1576856032959	紫
1578147041798	9	33	ease_3	2.888888888888889	1578146962270	夷 (NS)
1578148087694	9	32	ease_3	2.2222222222222223	1578147989781	邮
1578250339471	9	49	ease_3	2.4444444444444446	1578250226376	猜
1578741663885	9	44	ease_3	2.4444444444444446	1578741506889	蠢
1578826055900	9	26	ease_3	2.4444444444444446	1578826051606	NA
1579433329609	9	29	ease_3	2.4444444444444446	1579433167857	寄
1581448409579	9	25	ease_2	2.3333333333333335	1581448403964	淋
1583353094919	9	1	ease_2	1.5555555555555556	1583353046694	隔
1586930574295	9	6	ease_3	2.2222222222222223	1586930571225	贪
1588422901283	9	3	ease_3	2.3333333333333335	1588422898585	欧
1550765291110	8	163	ease_3	3	1550765217055	十
1550918733358	8	186	ease_3	3	1550918662143	力
1550919668118	8	145	ease_3	2.875	1550919414229	正
1550920167217	8	101	ease_3	2.75	1550920161184	土 (no story)
1550920275143	8	126	ease_3	2.75	1550920270308	兑 (no pronounce)
1552214308972	8	222	ease_2	2.75	1552214245127	班
1552216109498	8	245	ease_3	2.875	1552216050204	禾 (no pronounce)
1552938891695	8	130	ease_4	3.125	1552938838954	冂 (no story)
1556366942792	8	95	ease_3	2.75	1556366610596	能
1556369865884	8	160	ease_3	2.875	1556369793834	它
1557313450012	8	142	ease_2	2.625	1557313273524	宽
1557952018319	8	181	ease_3	3	1557951966116	经 (only right part, no pronounce)
1557952371431	8	90	ease_3	2.875	1557952346362	乛 (no story)
1561371990356	8	128	ease_3	2.875	1561371951506	苹
1561372661429	8	136	ease_4	2.875	1561372619831	劳 (upper two parts, no pronounce)
1561373455258	8	100	ease_3	2.75	1561373420799	亮 (top three parts, no pronounce)
1562300152822	8	193	ease_2	2.625	1562300008839	品
1562657002365	8	140	ease_3	2.75	1562656816448	啤
1562664638208	8	128	ease_3	2.875	1562664335431	爱
1563166659526	8	5	ease_3	2.25	1563166516601	周
1563174623798	8	73	ease_3	2.625	1563174509399	死
1563192549830	8	81	ease_3	2.75	1563187721643	步
1563696765419	8	104	ease_3	2.875	1563696746898	董 (no pronounce)
1563697149345	8	114	ease_3	2.75	1563697132681	乙 (no story)
1563697396216	8	120	ease_3	2.75	1563697375017	嘴 (minus mouth, no pronounce)
1563697796858	8	74	ease_3	2.875	1563697772343	带 (lower part, no pronounce)
1563697987438	8	156	ease_3	2.75	1563697963844	票
1563698639938	8	133	ease_3	2.75	1563698616478	直 (lower part only, no story)
1563698685169	8	65	ease_3	2.75	1563698660340	真
1566137027246	8	162	ease_3	2.875	1566137006987	谷 (no pronounce)
1566137359905	8	167	ease_3	2.75	1566137340306	贵 (top only, no pronounce)
1566137481749	8	86	ease_3	2.75	1566137457387	嗽 (without mouth, no pronounce)
1566137551316	8	134	ease_3	2.75	1566137531040	孩
1566138306127	8	80	ease_3	2.75	1566138252101	球
1566139473621	8	86	ease_3	2.75	1566139448492	条
1566140461286	8	56	ease_3	2.625	1566140443409	曷 (NP)
1566140565080	8	133	ease_3	2.75	1566140545143	介 (lower part, no story)
1569027792883	8	56	ease_3	2.625	1569027789182	查
1569046201029	8	79	ease_3	2.75	1569046194465	刘
1569168342793	8	58	ease_3	2.75	1569168144895	召 (np)
1569499403635	8	78	ease_3	2.75	1569499369476	碗
1569499662771	8	83	ease_3	2.625	1569499636990	昔 (NP)
1570044678965	8	133	ease_3	2.875	1570044675360	森
1570092962308	8	57	ease_3	2.625	1570092956618	冷
1570971711732	8	55	ease_3	2.75	1570971706432	屯 (NS)
1571029855806	8	52	ease_3	2.75	1571029716157	览 (top, NP)
1571287576415	8	36	ease_3	2.625	1571287539942	卓 (NS)
1571308569332	8	71	ease_3	2.75	1571308534507	叟 (NS)
1571857194228	8	78	ease_3	2.625	1571857160408	NA
1572169140464	8	93	ease_2	2.875	1572169060556	戴 (outer, NP)
1572329206609	8	88	ease_3	2.75	1572329201955	耳
1572338162261	8	82	ease_3	2.75	1572338156576	晚
1572468648077	8	60	ease_3	2.75	1572468626320	营
1573626440151	8	61	ease_3	2.625	1573626415000	肖 (NP)
1574229942550	8	68	ease_2	2.5	1574229873478	佥 (NP)
1575794792685	8	46	ease_3	2.625	1575794782927	梨
1576617559972	8	43	ease_3	2.625	1576617404048	盘
1576946398951	8	60	ease_3	2.75	1576946309191	NA
1577219714387	8	54	ease_2	2.5	1577219708871	鸟
1577992392481	8	47	ease_3	2.625	1577991913227	盒
1578150413840	8	48	ease_3	2.625	1578150367998	焦 (NP)
1578548861341	8	37	ease_3	2.625	1578548815004	甲 (NS)
1578731694459	8	32	ease_3	2.5	1578731573572	郎 (NP)
1580929104448	8	28	ease_3	2.625	1580929087833	杀
1586366128762	8	9	ease_3	2.25	1586366119632	寒
1587790757101	8	6	ease_3	2.25	1587790754532	闷
1588274034284	8	6	ease_2	2.125	1588274031509	济
1550758191566	7	170	ease_4	3.142857142857143	1550758096064	我
1550758433382	7	152	ease_4	3.142857142857143	1550758191606	你
1550758537559	7	249	ease_3	3.142857142857143	1550758480586	二
1550765063134	7	133	ease_4	3	1550764935378	小
1550918921633	7	180	ease_3	3	1550918825222	子
1550919355350	7	113	ease_3	3	1550919243726	文
1550919848119	7	167	ease_3	3	1550919735434	什
1550919910698	7	253	ease_4	3.142857142857143	1550919848166	五
1550920052168	7	171	ease_4	3	1550919967687	九
1550920067793	7	283	ease_4	3.142857142857143	1550920062149	百
1550920256808	7	110	ease_3	2.857142857142857	1550920251630	妹
1551542142813	7	156	ease_3	2.857142857142857	1551542045129	天
1551542370097	7	232	ease_3	3	1551542257935	汉
1551542891508	7	319	ease_4	3.2857142857142856	1551542816954	丁 (no story)
1551543211686	7	233	ease_3	3.142857142857143	1551543162940	''' (three angled dots, no story)
1551543597064	7	251	ease_2	3	1551543561958	廾 (no story)
1551544042216	7	188	ease_3	3.142857142857143	1551543980554	- (gently slanting stroke, down left, no story)
1551615024375	7	117	ease_3	3	1551614931778	宀 (no story)
1551616181504	7	213	ease_3	3.142857142857143	1551616139556	酉 (no story)
1551616259064	7	150	ease_3	2.7142857142857144	1551616181512	酒
1551616730677	7	144	ease_3	2.857142857142857	1551616677826	射 (no pronounce)
1552221035822	7	107	ease_3	2.7142857142857144	1552220927510	生
1552222157392	7	98	ease_3	2.7142857142857144	1552222109230	工
1555360371684	7	85	ease_4	3	1555360189140	在
1557951966105	7	119	ease_3	3	1557951940500	经 (top right part, no story)
1558987433023	7	156	ease_3	2.857142857142857	1558987382682	然 (top part, no pronounce)
1560110643258	7	127	ease_3	3	1560110633699	饣 (no story)
1561372261932	7	91	ease_4	3.142857142857143	1561372226639	倍 (only right part, no pronounce)
1562656206254	7	79	ease_3	3	1562656147998	丩(no story)
1562656406119	7	183	ease_3	2.857142857142857	1562656206291	叫
1563166516552	7	4	ease_2	1.7142857142857142	1563166266058	调
1563696362922	7	56	ease_4	2.857142857142857	1563696341670	吏 (no story)
1563697639036	7	71	ease_3	2.857142857142857	1563697605842	度
1563698015521	7	106	ease_3	2.857142857142857	1563697987445	漂
1563698039788	7	145	ease_2	3	1563698015528	礻(no story)
1563698189053	7	165	ease_3	3	1563698153576	表 (lower half, no story)
1565813403552	7	54	ease_4	3.142857142857143	1565813382547	寺 (no pronounce)
1565813910043	7	73	ease_3	2.857142857142857	1565813888937	高
1566137232233	7	76	ease_4	2.857142857142857	1566137207443	声
1566137309327	7	142	ease_3	2.857142857142857	1566137290949	知
1566137401503	7	153	ease_3	3.142857142857143	1566137381306	您
1566137613468	7	109	ease_3	2.857142857142857	1566137592121	隹 (NS)
1566137736963	7	71	ease_4	2.857142857142857	1566137713447	夂 (no story)
1566139122315	7	84	ease_3	2.857142857142857	1566138876667	吉 (no pronounce)
1566140477715	7	99	ease_3	2.857142857142857	1566140461295	喝
1569867363632	7	74	ease_3	3	1569867303991	圭 (NP)
1569867688231	7	64	ease_3	2.7142857142857144	1569867683818	画
1569905878322	7	89	ease_3	2.857142857142857	1569905838062	疋 (NS)
1570164719097	7	50	ease_3	2.7142857142857144	1570164610618	令 (NP)
1571069134129	7	59	ease_3	2.7142857142857144	1571069131325	减
1571471466057	7	116	ease_3	3	1571471422426	狂 (NP)
1571763948779	7	50	ease_3	2.7142857142857144	1571763931517	澡
1572518315243	7	66	ease_2	2.5714285714285716	1572518310380	商
1572932609921	7	126	ease_4	3.142857142857143	1572932604907	NA
1573539152931	7	45	ease_3	2.5714285714285716	1573539057711	冏 (NP)
1574142088806	7	68	ease_3	2.7142857142857144	1574142069806	苗 (NP)
1574228758283	7	85	ease_3	2.7142857142857144	1574228735555	锁 (RP, NS)
1575007954977	7	79	ease_2	2.5714285714285716	1575007952113	斗 (NS)
1576476753930	7	53	ease_3	2.7142857142857144	1576476749061	网
1576696228480	7	78	ease_3	2.857142857142857	1576696223172	兰
1577304618248	7	45	ease_3	2.7142857142857144	1577304603721	沿
1577884798484	7	43	ease_3	2.857142857142857	1577884790823	爷
1577901478172	7	48	ease_3	2.7142857142857144	1577901293691	鸵 (NS)
1577993426504	7	65	ease_3	2.7142857142857144	1577993377813	骨 (NS)
1578148754481	7	37	ease_3	2.5714285714285716	1578148749557	NA
1578166328343	7	35	ease_3	2.5714285714285716	1578166139072	疯
1578815620063	7	45	ease_3	2.7142857142857144	1578815510756	番 (NP)
1579360232614	7	35	ease_3	2.7142857142857144	1579360100199	丰
1579436725484	7	31	ease_3	2.7142857142857144	1579436558498	航
1580471576921	7	32	ease_3	2.5714285714285716	1580471549549	羽
1581182764969	7	27	ease_3	2.5714285714285716	1581182761760	刅 (NS)
1582782541880	7	42	ease_2	2.5714285714285716	1582782507106	溥 (NP)
1583050712200	7	28	ease_3	2.7142857142857144	1583050643358	洛 (NP)
1583352470658	7	31	ease_3	2.7142857142857144	1583352396569	闪
1583352986983	7	0	ease_2	1.5714285714285714	1583352939599	棒
1583613258236	7	24	ease_3	2.5714285714285716	1583613236661	岛
1550758480530	6	87	ease_4	3.1666666666666665	1550758433415	一
1550758600254	6	81	ease_4	3.1666666666666665	1550758537594	三
1550918662087	6	159	ease_3	3.3333333333333335	1550918597460	杯
1550918825191	6	171	ease_4	3.5	1550918733409	女
1550919243691	6	252	ease_2	3.1666666666666665	1550919164214	勺 (no pronounce)
1550919735373	6	153	ease_3	3.1666666666666665	1550919668232	手
1550920221735	6	243	ease_3	3.1666666666666665	1550920217174	玉 (no pronounce)
1551542816948	6	144	ease_4	3.3333333333333335	1551542746645	彳(no pronounce)
1551615612626	6	134	ease_3	3	1551615507956	阳
1551616417906	6	241	ease_3	3.3333333333333335	1551616397126	寸 (no story)
1552214681916	6	157	ease_3	3	1552214648051	旦 (no pronounce)
1552215906497	6	160	ease_3	3.1666666666666665	1552215791892	/- (no pronounce, a label attached to a unicorn)
1552939596307	6	216	ease_3	3.3333333333333335	1552939558704	"Right-pointing ""V"" (no story)"
1554628734954	6	150	ease_3	3.3333333333333335	1554628634141	政 (right part only, no pronounce)
1554629030541	6	158	ease_3	3	1554628986147	胡 (no pronounce)
1554630230584	6	92	ease_3	3	1554630136183	妾 (no prounounce)
1554630854778	6	236	ease_3	3.1666666666666665	1554630777059	这
1560110437123	6	186	ease_3	3.3333333333333335	1560110421534	艮 (no story)
1561372360588	6	75	ease_4	3.3333333333333335	1561372341979	丬(no story)
1563012004263	6	22	ease_3	2.6666666666666665	1563010863538	壶
1563697056866	6	67	ease_3	2.8333333333333335	1563696851663	飞 (without two dots, no story)
1563697552981	6	94	ease_4	3.1666666666666665	1563697540163	丂 (no story)
1563698322526	6	97	ease_4	3.3333333333333335	1563698281810	衤(no story)
1565813807644	6	65	ease_3	3.1666666666666665	1565813770189	贝 (no pronounce)
1566138229928	6	98	ease_3	3.1666666666666665	1566138211521	水
1566138331308	6	155	ease_3	3.1666666666666665	1566138306133	勿 (NS)
1566138616854	6	92	ease_4	3.3333333333333335	1566138596891	场 (only right part, no story)
1566138821872	6	70	ease_3	2.8333333333333335	1566138800813	原
1566139908602	6	92	ease_3	3.1666666666666665	1566139799599	印 (right part, no pronounce)
1566140346057	6	60	ease_3	3	1566140323238	雨
1569524694371	6	101	ease_3	3	1569524664243	卬 (LP NS)
1569654138430	6	113	ease_3	3.1666666666666665	1569654108295	赛 (no shell and no lid, NS)
1570288652116	6	59	ease_3	2.8333333333333335	1570288649202	盲
1570509587920	6	83	ease_3	3	1570509547564	廴 (NS)
1570971881543	6	73	ease_3	3	1570971836786	舞 (upper, NS)
1572159730143	6	105	ease_2	3	1572159680831	瓦 (NS)
1572468451011	6	79	ease_3	3	1572468434538	幺
1572614740010	6	84	ease_3	2.8333333333333335	1572614735460	NA
1573382114745	6	68	ease_3	3	1573382109634	猫
1573540740852	6	43	ease_3	3	1573540671822	丸 (NP)
1573625817584	6	86	ease_3	3	1573625814296	吕 (NS)
1573749031135	6	88	ease_3	3.1666666666666665	1573749007555	酱 (top, NS)
1576697240859	6	96	ease_2	2.8333333333333335	1576697231513	舟 (NS)
1577089776264	6	79	ease_3	3	1577089691868	奴 (NP)
1577782252514	6	36	ease_3	2.6666666666666665	1577782247201	冰
1578151888553	6	34	ease_3	2.8333333333333335	1578151831163	歹 (NP)
1581752729818	6	45	ease_3	3	1581752687421	囟 (NS)
1583214802598	6	22	ease_3	2.6666666666666665	1583214794667	堇 (NS)
1583353127052	6	1	ease_3	1.8333333333333333	1583353094970	剧
1583653576440	6	18	ease_3	2.6666666666666665	1583653543910	鬲 (NS)
1583819914529	6	26	ease_3	2.6666666666666665	1583819870850	饼
1583824208285	6	35	ease_3	2.8333333333333335	1583824201193	丽
1583865889429	6	26	ease_3	2.6666666666666665	1583865886574	芒
1585388799783	6	19	ease_2	2.5	1585388781159	律
1585388942205	6	13	ease_3	2.8333333333333335	1585388916325	嘿
1586504368490	6	22	ease_3	2.6666666666666665	1586504365577	盆
1550918439123	5	113	ease_4	3.4	1550918347783	口
1550918468165	5	290	ease_4	3.6	1550918439165	日
1550918597397	5	131	ease_4	3.4	1550918501651	机
1550918982833	5	170	ease_4	3.6	1550918921668	好
1550919106649	5	223	ease_4	3.6	1550918982867	八
1550919164174	5	159	ease_3	3.4	1550919106684	白
1550920083474	5	219	ease_4	3.6	1550920075502	卜 (no pronounce)
1550920110086	5	199	ease_4	3.6	1550920098130	妈
1550920270288	5	116	ease_3	3.2	1550920265320	兄 (no pronounce)
1551000871125	5	188	ease_4	3.6	1551000769088	中
1551542257886	5	189	ease_3	3.6	1551542232201	氵(no story)
1551543874546	5	170	ease_3	3.6	1551543818696	耳 (No story)
1551615766167	5	229	ease_4	3.8	1551615659891	那 (left part, no story)
1552215452843	5	167	ease_3	3.4	1552215143228	乚 (no story, the bend in 以)
1552220686388	5	150	ease_3	3.4	1552220605080	半 (without top horns, no story)
1552221328808	5	170	ease_3	3.4	1552221230515	牛 (without bottom tail, no pronounce)
1552937979140	5	293	ease_3	3.6	1552937930251	而 (lower part only, no pronounce)
1552938104517	5	259	ease_4	3.8	1552938062425	扌 (no story)
1554032658758	5	117	ease_4	3.8	1554032618935	弓 (no story)
1554033680205	5	131	ease_3	3.6	1554033658710	灬 (no story)
1554630310275	5	118	ease_3	3.4	1554630279940	羊 (no story)
1555360189078	5	178	ease_3	3.6	1555360063999	在 (only surrounding part, no story)
1556366610571	5	184	ease_3	3.4	1556366477652	匕 (no story)
1556367043572	5	136	ease_3	3.4	1556367023307	乍 (no story)
1556368798923	5	212	ease_4	3.8	1556368784345	艹 (no story)
1557950933932	5	99	ease_3	3.2	1557950856643	犬 (no pronounce)
1558987104777	5	181	ease_3	3.6	1558987078262	猪 (left part only, no story)
1560025986716	5	144	ease_4	3.6	1560025933160	当 (bara nedre, ingen historia)
1560110067330	5	158	ease_3	3.4	1560110049012	巳 (no story)
1560110285051	5	162	ease_4	3.8	1560110257595	钅(no story)
1561371578101	5	62	ease_4	3.4	1561371550791	兀 (no pronounce)
1561372517876	5	79	ease_4	3.6	1561372491913	算 (upper part only, no story)
1561373294929	5	107	ease_4	3.8	1561373273202	忄(no story)
1562658317020	5	113	ease_4	3.8	1562658286310	冫(no story)
1562661723509	5	87	ease_4	3.6	1562661672460	爪 (no story)
1563166063067	5	91	ease_3	3.2	1563166012686	祭 (no pronounce)
1563696821955	5	76	ease_4	3.6	1563696784097	垂 (no story)
1563697235051	5	150	ease_4	3.8	1563697216177	吃
1563697605833	5	78	ease_4	3.6	1563697589237	廿 (no story)
1563697772337	5	159	ease_3	3.6	1563697753915	带 (top part, no story)
1566137844276	5	84	ease_3	3.4	1566137826958	疒 (no story)
1566140371701	5	133	ease_4	3.8	1566140362807	彡 (no story)
1569650624167	5	63	ease_3	3.2	1569650618767	氏 (no story)
1569866667263	5	63	ease_4	3.4	1569866645220	离 (lower, NP)
1570077020733	5	90	ease_2	3	1570076976471	皿 (ns)
1570509623321	5	107	ease_3	3.2	1570509588008	聿 (NS)
1570971381368	5	48	ease_4	3.4	1570971339288	兆 (NS)
1571289159791	5	72	ease_3	3.6	1571289134215	曼 (NS, middle)
1572169315081	5	93	ease_4	3.4	1572169270206	共 (only upper, NS)
1572893908099	5	74	ease_3	3.2	1572893905198	旡 (NS)
1573540800280	5	114	ease_3	3.4	1573540740878	丸 (NS, crossing stroke)
1576129811222	5	70	ease_3	3.2	1576129733844	玨 (NS)
1576476021208	5	11	ease_2	2.6	1576475982163	率 (NS)
1577515306605	5	33	ease_4	3.2	1577515267371	候 (RP, NS)
1578251261316	5	49	ease_3	3	1578251234815	臣 (NS)
1583391265958	5	1	ease_3	2	1583391255444	麻
1588311546354	5	7	ease_2	2.4	1588311542653	孙
1560026350177	4	66	ease_4	3.75	1560026309822	尸 (no story)
1563326859456	4	11	ease_4	3.25	1563326800538	尗 (no story)
1571069730949	4	3	ease_2	2	1571069652735	嗬 (NS)
1572344401816	4	45	ease_4	3.5	1572344322469	免 (NS, middle two boxes)
1572468615851	4	0	ease_2	2	1572468605590	护
1573976209483	4	33	ease_4	3.5	1573976164230	黑 (upper, NS)
1583352843374	4	0	ease_2	1.75	1583352808397	孙
1583584176272	4	27	ease_4	3.5	1583584143016	喂
1570034309873	3	1	ease_1	1.6666666666666667	1570034301108	约
1583352624193	3	1	ease_3	2.3333333333333335	1583352546773	蚂
1583352771688	3	1	ease_3	2.3333333333333335	1583352696156	姥
1583390883823	3	0	ease_1	1.3333333333333333	1583390880887	仔
1589389248618	3	1	ease_2	2	1589389245621	摘
1576700351809	2	4	ease_3	3	1576700285791	NA
1583352696091	2	0	ease_2	2	1583352624225	蚁
1583352905239	2	0	ease_2	2	1583352881794	猜
1583519060091	2	0	ease_2	2	1583519056314	锅
1572468576346	1	0	ease_1	1	1572468551591	貌
